path,label
/content/drive/MyDrive/mark4.5/data/test/media_talking_501.wav,media_talking
/content/drive/MyDrive/mark4.5/data/test/media_talking_502.wav,media_talking
/content/drive/MyDrive/mark4.5/data/test/media_talking_503.wav,media_talking
/content/drive/MyDrive/mark4.5/data/test/media_talking_504.wav,media_talking
/content/drive/MyDrive/mark4.5/data/test/media_talking_505.wav,media_talking
/content/drive/MyDrive/mark4.5/data/test/media_talking_506.wav,media_talking
/content/drive/MyDrive/mark4.5/data/test/media_talking_507.wav,media_talking
/content/drive/MyDrive/mark4.5/data/test/media_talking_508.wav,media_talking
/content/drive/MyDrive/mark4.5/data/test/media_talking_509.wav,media_talking
/content/drive/MyDrive/mark4.5/data/test/media_talking_510.wav,media_talking
/content/drive/MyDrive/mark4.5/data/test/media_talking_511.wav,media_talking
/content/drive/MyDrive/mark4.5/data/test/media_talking_512.wav,media_talking
/content/drive/MyDrive/mark4.5/data/test/media_talking_513.wav,media_talking
/content/drive/MyDrive/mark4.5/data/test/media_talking_514.wav,media_talking
/content/drive/MyDrive/mark4.5/data/test/media_talking_515.wav,media_talking
/content/drive/MyDrive/mark4.5/data/test/media_talking_516.wav,media_talking
/content/drive/MyDrive/mark4.5/data/test/media_talking_517.wav,media_talking
/content/drive/MyDrive/mark4.5/data/test/media_talking_518.wav,media_talking
/content/drive/MyDrive/mark4.5/data/test/media_talking_519.wav,media_talking
/content/drive/MyDrive/mark4.5/data/test/media_talking_520.wav,media_talking
/content/drive/MyDrive/mark4.5/data/test/media_talking_521.wav,media_talking
/content/drive/MyDrive/mark4.5/data/test/media_talking_522.wav,media_talking
/content/drive/MyDrive/mark4.5/data/test/media_talking_523.wav,media_talking
/content/drive/MyDrive/mark4.5/data/test/media_talking_524.wav,media_talking
/content/drive/MyDrive/mark4.5/data/test/media_talking_525.wav,media_talking
/content/drive/MyDrive/mark4.5/data/test/media_talking_526.wav,media_talking
/content/drive/MyDrive/mark4.5/data/test/media_talking_527.wav,media_talking
/content/drive/MyDrive/mark4.5/data/test/media_talking_528.wav,media_talking
/content/drive/MyDrive/mark4.5/data/test/media_talking_529.wav,media_talking
/content/drive/MyDrive/mark4.5/data/test/media_talking_530.wav,media_talking
/content/drive/MyDrive/mark4.5/data/test/media_talking_531.wav,media_talking
/content/drive/MyDrive/mark4.5/data/test/media_talking_532.wav,media_talking
/content/drive/MyDrive/mark4.5/data/test/media_talking_533.wav,media_talking
/content/drive/MyDrive/mark4.5/data/test/media_talking_534.wav,media_talking
/content/drive/MyDrive/mark4.5/data/test/media_talking_535.wav,media_talking
/content/drive/MyDrive/mark4.5/data/test/media_talking_536.wav,media_talking
/content/drive/MyDrive/mark4.5/data/test/media_talking_537.wav,media_talking
/content/drive/MyDrive/mark4.5/data/test/media_talking_538.wav,media_talking
/content/drive/MyDrive/mark4.5/data/test/media_talking_539.wav,media_talking
/content/drive/MyDrive/mark4.5/data/test/media_talking_540.wav,media_talking
/content/drive/MyDrive/mark4.5/data/test/media_talking_541.wav,media_talking
/content/drive/MyDrive/mark4.5/data/test/media_talking_542.wav,media_talking
/content/drive/MyDrive/mark4.5/data/test/media_talking_543.wav,media_talking
/content/drive/MyDrive/mark4.5/data/test/media_talking_544.wav,media_talking
/content/drive/MyDrive/mark4.5/data/test/media_talking_545.wav,media_talking
/content/drive/MyDrive/mark4.5/data/test/media_talking_546.wav,media_talking
/content/drive/MyDrive/mark4.5/data/test/media_talking_547.wav,media_talking
/content/drive/MyDrive/mark4.5/data/test/media_talking_548.wav,media_talking
/content/drive/MyDrive/mark4.5/data/test/media_talking_549.wav,media_talking
/content/drive/MyDrive/mark4.5/data/test/media_talking_550.wav,media_talking
/content/drive/MyDrive/mark4.5/data/test/media_talking_551.wav,media_talking
/content/drive/MyDrive/mark4.5/data/test/media_talking_552.wav,media_talking
/content/drive/MyDrive/mark4.5/data/test/media_talking_553.wav,media_talking
/content/drive/MyDrive/mark4.5/data/test/media_talking_554.wav,media_talking
/content/drive/MyDrive/mark4.5/data/test/media_talking_555.wav,media_talking
/content/drive/MyDrive/mark4.5/data/test/media_talking_556.wav,media_talking
/content/drive/MyDrive/mark4.5/data/test/media_talking_557.wav,media_talking
/content/drive/MyDrive/mark4.5/data/test/media_talking_558.wav,media_talking
/content/drive/MyDrive/mark4.5/data/test/media_talking_559.wav,media_talking
/content/drive/MyDrive/mark4.5/data/test/media_talking_560.wav,media_talking
/content/drive/MyDrive/mark4.5/data/test/media_talking_561.wav,media_talking
/content/drive/MyDrive/mark4.5/data/test/media_talking_562.wav,media_talking
/content/drive/MyDrive/mark4.5/data/test/media_talking_563.wav,media_talking
/content/drive/MyDrive/mark4.5/data/test/media_talking_564.wav,media_talking
/content/drive/MyDrive/mark4.5/data/test/media_talking_565.wav,media_talking
/content/drive/MyDrive/mark4.5/data/test/media_talking_566.wav,media_talking
/content/drive/MyDrive/mark4.5/data/test/media_talking_567.wav,media_talking
/content/drive/MyDrive/mark4.5/data/test/media_talking_568.wav,media_talking
/content/drive/MyDrive/mark4.5/data/test/media_talking_569.wav,media_talking
/content/drive/MyDrive/mark4.5/data/test/media_talking_570.wav,media_talking
/content/drive/MyDrive/mark4.5/data/test/media_talking_571.wav,media_talking
/content/drive/MyDrive/mark4.5/data/test/media_talking_572.wav,media_talking
/content/drive/MyDrive/mark4.5/data/test/media_talking_573.wav,media_talking
/content/drive/MyDrive/mark4.5/data/test/media_talking_574.wav,media_talking
/content/drive/MyDrive/mark4.5/data/test/media_talking_575.wav,media_talking
/content/drive/MyDrive/mark4.5/data/test/media_talking_576.wav,media_talking
/content/drive/MyDrive/mark4.5/data/test/media_talking_577.wav,media_talking
/content/drive/MyDrive/mark4.5/data/test/media_talking_578.wav,media_talking
/content/drive/MyDrive/mark4.5/data/test/media_talking_579.wav,media_talking
/content/drive/MyDrive/mark4.5/data/test/media_talking_580.wav,media_talking
/content/drive/MyDrive/mark4.5/data/test/media_talking_581.wav,media_talking
/content/drive/MyDrive/mark4.5/data/test/media_talking_582.wav,media_talking
/content/drive/MyDrive/mark4.5/data/test/media_talking_583.wav,media_talking
/content/drive/MyDrive/mark4.5/data/test/media_talking_584.wav,media_talking
/content/drive/MyDrive/mark4.5/data/test/media_talking_585.wav,media_talking
/content/drive/MyDrive/mark4.5/data/test/media_talking_586.wav,media_talking
/content/drive/MyDrive/mark4.5/data/test/media_talking_587.wav,media_talking
/content/drive/MyDrive/mark4.5/data/test/media_talking_588.wav,media_talking
/content/drive/MyDrive/mark4.5/data/test/media_talking_589.wav,media_talking
/content/drive/MyDrive/mark4.5/data/test/media_talking_590.wav,media_talking
/content/drive/MyDrive/mark4.5/data/test/media_talking_591.wav,media_talking
/content/drive/MyDrive/mark4.5/data/test/media_talking_592.wav,media_talking
/content/drive/MyDrive/mark4.5/data/test/media_talking_593.wav,media_talking
/content/drive/MyDrive/mark4.5/data/test/media_talking_594.wav,media_talking
/content/drive/MyDrive/mark4.5/data/test/media_talking_595.wav,media_talking
/content/drive/MyDrive/mark4.5/data/test/media_talking_596.wav,media_talking
/content/drive/MyDrive/mark4.5/data/test/media_talking_597.wav,media_talking
/content/drive/MyDrive/mark4.5/data/test/media_talking_598.wav,media_talking
/content/drive/MyDrive/mark4.5/data/test/media_talking_599.wav,media_talking
/content/drive/MyDrive/mark4.5/data/test/media_talking_600.wav,media_talking
/content/drive/MyDrive/mark4.5/data/test/others_501.wav,others
/content/drive/MyDrive/mark4.5/data/test/others_502.wav,others
/content/drive/MyDrive/mark4.5/data/test/others_503.wav,others
/content/drive/MyDrive/mark4.5/data/test/others_504.wav,others
/content/drive/MyDrive/mark4.5/data/test/others_505.wav,others
/content/drive/MyDrive/mark4.5/data/test/others_506.wav,others
/content/drive/MyDrive/mark4.5/data/test/others_507.wav,others
/content/drive/MyDrive/mark4.5/data/test/others_508.wav,others
/content/drive/MyDrive/mark4.5/data/test/others_509.wav,others
/content/drive/MyDrive/mark4.5/data/test/others_510.wav,others
/content/drive/MyDrive/mark4.5/data/test/others_511.wav,others
/content/drive/MyDrive/mark4.5/data/test/others_512.wav,others
/content/drive/MyDrive/mark4.5/data/test/others_513.wav,others
/content/drive/MyDrive/mark4.5/data/test/others_514.wav,others
/content/drive/MyDrive/mark4.5/data/test/others_515.wav,others
/content/drive/MyDrive/mark4.5/data/test/others_516.wav,others
/content/drive/MyDrive/mark4.5/data/test/others_517.wav,others
/content/drive/MyDrive/mark4.5/data/test/others_518.wav,others
/content/drive/MyDrive/mark4.5/data/test/others_519.wav,others
/content/drive/MyDrive/mark4.5/data/test/others_520.wav,others
/content/drive/MyDrive/mark4.5/data/test/others_521.wav,others
/content/drive/MyDrive/mark4.5/data/test/others_522.wav,others
/content/drive/MyDrive/mark4.5/data/test/others_523.wav,others
/content/drive/MyDrive/mark4.5/data/test/others_524.wav,others
/content/drive/MyDrive/mark4.5/data/test/others_525.wav,others
/content/drive/MyDrive/mark4.5/data/test/others_526.wav,others
/content/drive/MyDrive/mark4.5/data/test/others_527.wav,others
/content/drive/MyDrive/mark4.5/data/test/others_528.wav,others
/content/drive/MyDrive/mark4.5/data/test/others_529.wav,others
/content/drive/MyDrive/mark4.5/data/test/others_530.wav,others
/content/drive/MyDrive/mark4.5/data/test/others_531.wav,others
/content/drive/MyDrive/mark4.5/data/test/others_532.wav,others
/content/drive/MyDrive/mark4.5/data/test/others_533.wav,others
/content/drive/MyDrive/mark4.5/data/test/others_534.wav,others
/content/drive/MyDrive/mark4.5/data/test/others_535.wav,others
/content/drive/MyDrive/mark4.5/data/test/others_536.wav,others
/content/drive/MyDrive/mark4.5/data/test/others_537.wav,others
/content/drive/MyDrive/mark4.5/data/test/others_538.wav,others
/content/drive/MyDrive/mark4.5/data/test/others_539.wav,others
/content/drive/MyDrive/mark4.5/data/test/others_540.wav,others
/content/drive/MyDrive/mark4.5/data/test/others_541.wav,others
/content/drive/MyDrive/mark4.5/data/test/others_542.wav,others
/content/drive/MyDrive/mark4.5/data/test/others_543.wav,others
/content/drive/MyDrive/mark4.5/data/test/others_544.wav,others
/content/drive/MyDrive/mark4.5/data/test/others_545.wav,others
/content/drive/MyDrive/mark4.5/data/test/others_546.wav,others
/content/drive/MyDrive/mark4.5/data/test/others_547.wav,others
/content/drive/MyDrive/mark4.5/data/test/others_548.wav,others
/content/drive/MyDrive/mark4.5/data/test/others_549.wav,others
/content/drive/MyDrive/mark4.5/data/test/others_550.wav,others
/content/drive/MyDrive/mark4.5/data/test/others_551.wav,others
/content/drive/MyDrive/mark4.5/data/test/others_552.wav,others
/content/drive/MyDrive/mark4.5/data/test/others_553.wav,others
/content/drive/MyDrive/mark4.5/data/test/others_554.wav,others
/content/drive/MyDrive/mark4.5/data/test/others_555.wav,others
/content/drive/MyDrive/mark4.5/data/test/others_556.wav,others
/content/drive/MyDrive/mark4.5/data/test/others_557.wav,others
/content/drive/MyDrive/mark4.5/data/test/others_558.wav,others
/content/drive/MyDrive/mark4.5/data/test/others_559.wav,others
/content/drive/MyDrive/mark4.5/data/test/others_560.wav,others
/content/drive/MyDrive/mark4.5/data/test/others_561.wav,others
/content/drive/MyDrive/mark4.5/data/test/others_562.wav,others
/content/drive/MyDrive/mark4.5/data/test/others_563.wav,others
/content/drive/MyDrive/mark4.5/data/test/others_564.wav,others
/content/drive/MyDrive/mark4.5/data/test/others_565.wav,others
/content/drive/MyDrive/mark4.5/data/test/others_566.wav,others
/content/drive/MyDrive/mark4.5/data/test/others_567.wav,others
/content/drive/MyDrive/mark4.5/data/test/others_568.wav,others
/content/drive/MyDrive/mark4.5/data/test/others_569.wav,others
/content/drive/MyDrive/mark4.5/data/test/others_570.wav,others
/content/drive/MyDrive/mark4.5/data/test/others_571.wav,others
/content/drive/MyDrive/mark4.5/data/test/others_572.wav,others
/content/drive/MyDrive/mark4.5/data/test/others_573.wav,others
/content/drive/MyDrive/mark4.5/data/test/others_574.wav,others
/content/drive/MyDrive/mark4.5/data/test/others_575.wav,others
/content/drive/MyDrive/mark4.5/data/test/others_576.wav,others
/content/drive/MyDrive/mark4.5/data/test/others_577.wav,others
/content/drive/MyDrive/mark4.5/data/test/others_578.wav,others
/content/drive/MyDrive/mark4.5/data/test/others_579.wav,others
/content/drive/MyDrive/mark4.5/data/test/others_580.wav,others
/content/drive/MyDrive/mark4.5/data/test/others_581.wav,others
/content/drive/MyDrive/mark4.5/data/test/others_582.wav,others
/content/drive/MyDrive/mark4.5/data/test/others_583.wav,others
/content/drive/MyDrive/mark4.5/data/test/others_584.wav,others
/content/drive/MyDrive/mark4.5/data/test/others_585.wav,others
/content/drive/MyDrive/mark4.5/data/test/others_586.wav,others
/content/drive/MyDrive/mark4.5/data/test/others_587.wav,others
/content/drive/MyDrive/mark4.5/data/test/others_588.wav,others
/content/drive/MyDrive/mark4.5/data/test/others_589.wav,others
/content/drive/MyDrive/mark4.5/data/test/others_590.wav,others
/content/drive/MyDrive/mark4.5/data/test/others_591.wav,others
/content/drive/MyDrive/mark4.5/data/test/others_592.wav,others
/content/drive/MyDrive/mark4.5/data/test/others_593.wav,others
/content/drive/MyDrive/mark4.5/data/test/others_594.wav,others
/content/drive/MyDrive/mark4.5/data/test/others_595.wav,others
/content/drive/MyDrive/mark4.5/data/test/others_596.wav,others
/content/drive/MyDrive/mark4.5/data/test/others_597.wav,others
/content/drive/MyDrive/mark4.5/data/test/others_598.wav,others
/content/drive/MyDrive/mark4.5/data/test/others_599.wav,others
/content/drive/MyDrive/mark4.5/data/test/others_600.wav,others
/content/drive/MyDrive/mark4.5/data/train/media_talking_1.wav,media_talking
/content/drive/MyDrive/mark4.5/data/train/media_talking_10.wav,media_talking
/content/drive/MyDrive/mark4.5/data/train/media_talking_100.wav,media_talking
/content/drive/MyDrive/mark4.5/data/train/media_talking_101.wav,media_talking
/content/drive/MyDrive/mark4.5/data/train/media_talking_102.wav,media_talking
/content/drive/MyDrive/mark4.5/data/train/media_talking_103.wav,media_talking
/content/drive/MyDrive/mark4.5/data/train/media_talking_104.wav,media_talking
/content/drive/MyDrive/mark4.5/data/train/media_talking_105.wav,media_talking
/content/drive/MyDrive/mark4.5/data/train/media_talking_106.wav,media_talking
/content/drive/MyDrive/mark4.5/data/train/media_talking_107.wav,media_talking
/content/drive/MyDrive/mark4.5/data/train/media_talking_108.wav,media_talking
/content/drive/MyDrive/mark4.5/data/train/media_talking_109.wav,media_talking
/content/drive/MyDrive/mark4.5/data/train/media_talking_11.wav,media_talking
/content/drive/MyDrive/mark4.5/data/train/media_talking_110.wav,media_talking
/content/drive/MyDrive/mark4.5/data/train/media_talking_111.wav,media_talking
/content/drive/MyDrive/mark4.5/data/train/media_talking_112.wav,media_talking
/content/drive/MyDrive/mark4.5/data/train/media_talking_113.wav,media_talking
/content/drive/MyDrive/mark4.5/data/train/media_talking_114.wav,media_talking
/content/drive/MyDrive/mark4.5/data/train/media_talking_115.wav,media_talking
/content/drive/MyDrive/mark4.5/data/train/media_talking_116.wav,media_talking
/content/drive/MyDrive/mark4.5/data/train/media_talking_117.wav,media_talking
/content/drive/MyDrive/mark4.5/data/train/media_talking_118.wav,media_talking
/content/drive/MyDrive/mark4.5/data/train/media_talking_119.wav,media_talking
/content/drive/MyDrive/mark4.5/data/train/media_talking_12.wav,media_talking
/content/drive/MyDrive/mark4.5/data/train/media_talking_120.wav,media_talking
/content/drive/MyDrive/mark4.5/data/train/media_talking_121.wav,media_talking
/content/drive/MyDrive/mark4.5/data/train/media_talking_122.wav,media_talking
/content/drive/MyDrive/mark4.5/data/train/media_talking_123.wav,media_talking
/content/drive/MyDrive/mark4.5/data/train/media_talking_124.wav,media_talking
/content/drive/MyDrive/mark4.5/data/train/media_talking_125.wav,media_talking
/content/drive/MyDrive/mark4.5/data/train/media_talking_126.wav,media_talking
/content/drive/MyDrive/mark4.5/data/train/media_talking_127.wav,media_talking
/content/drive/MyDrive/mark4.5/data/train/media_talking_128.wav,media_talking
/content/drive/MyDrive/mark4.5/data/train/media_talking_129.wav,media_talking
/content/drive/MyDrive/mark4.5/data/train/media_talking_13.wav,media_talking
/content/drive/MyDrive/mark4.5/data/train/media_talking_130.wav,media_talking
/content/drive/MyDrive/mark4.5/data/train/media_talking_131.wav,media_talking
/content/drive/MyDrive/mark4.5/data/train/media_talking_132.wav,media_talking
/content/drive/MyDrive/mark4.5/data/train/media_talking_133.wav,media_talking
/content/drive/MyDrive/mark4.5/data/train/media_talking_134.wav,media_talking
/content/drive/MyDrive/mark4.5/data/train/media_talking_135.wav,media_talking
/content/drive/MyDrive/mark4.5/data/train/media_talking_136.wav,media_talking
/content/drive/MyDrive/mark4.5/data/train/media_talking_137.wav,media_talking
/content/drive/MyDrive/mark4.5/data/train/media_talking_138.wav,media_talking
/content/drive/MyDrive/mark4.5/data/train/media_talking_139.wav,media_talking
/content/drive/MyDrive/mark4.5/data/train/media_talking_14.wav,media_talking
/content/drive/MyDrive/mark4.5/data/train/media_talking_140.wav,media_talking
/content/drive/MyDrive/mark4.5/data/train/media_talking_141.wav,media_talking
/content/drive/MyDrive/mark4.5/data/train/media_talking_142.wav,media_talking
/content/drive/MyDrive/mark4.5/data/train/media_talking_143.wav,media_talking
/content/drive/MyDrive/mark4.5/data/train/media_talking_144.wav,media_talking
/content/drive/MyDrive/mark4.5/data/train/media_talking_145.wav,media_talking
/content/drive/MyDrive/mark4.5/data/train/media_talking_146.wav,media_talking
/content/drive/MyDrive/mark4.5/data/train/media_talking_147.wav,media_talking
/content/drive/MyDrive/mark4.5/data/train/media_talking_148.wav,media_talking
/content/drive/MyDrive/mark4.5/data/train/media_talking_149.wav,media_talking
/content/drive/MyDrive/mark4.5/data/train/media_talking_15.wav,media_talking
/content/drive/MyDrive/mark4.5/data/train/media_talking_150.wav,media_talking
/content/drive/MyDrive/mark4.5/data/train/media_talking_151.wav,media_talking
/content/drive/MyDrive/mark4.5/data/train/media_talking_152.wav,media_talking
/content/drive/MyDrive/mark4.5/data/train/media_talking_153.wav,media_talking
/content/drive/MyDrive/mark4.5/data/train/media_talking_154.wav,media_talking
/content/drive/MyDrive/mark4.5/data/train/media_talking_155.wav,media_talking
/content/drive/MyDrive/mark4.5/data/train/media_talking_156.wav,media_talking
/content/drive/MyDrive/mark4.5/data/train/media_talking_157.wav,media_talking
/content/drive/MyDrive/mark4.5/data/train/media_talking_158.wav,media_talking
/content/drive/MyDrive/mark4.5/data/train/media_talking_159.wav,media_talking
/content/drive/MyDrive/mark4.5/data/train/media_talking_16.wav,media_talking
/content/drive/MyDrive/mark4.5/data/train/media_talking_160.wav,media_talking
/content/drive/MyDrive/mark4.5/data/train/media_talking_161.wav,media_talking
/content/drive/MyDrive/mark4.5/data/train/media_talking_162.wav,media_talking
/content/drive/MyDrive/mark4.5/data/train/media_talking_163.wav,media_talking
/content/drive/MyDrive/mark4.5/data/train/media_talking_164.wav,media_talking
/content/drive/MyDrive/mark4.5/data/train/media_talking_165.wav,media_talking
/content/drive/MyDrive/mark4.5/data/train/media_talking_166.wav,media_talking
/content/drive/MyDrive/mark4.5/data/train/media_talking_167.wav,media_talking
/content/drive/MyDrive/mark4.5/data/train/media_talking_168.wav,media_talking
/content/drive/MyDrive/mark4.5/data/train/media_talking_169.wav,media_talking
/content/drive/MyDrive/mark4.5/data/train/media_talking_17.wav,media_talking
/content/drive/MyDrive/mark4.5/data/train/media_talking_170.wav,media_talking
/content/drive/MyDrive/mark4.5/data/train/media_talking_171.wav,media_talking
/content/drive/MyDrive/mark4.5/data/train/media_talking_172.wav,media_talking
/content/drive/MyDrive/mark4.5/data/train/media_talking_173.wav,media_talking
/content/drive/MyDrive/mark4.5/data/train/media_talking_174.wav,media_talking
/content/drive/MyDrive/mark4.5/data/train/media_talking_175.wav,media_talking
/content/drive/MyDrive/mark4.5/data/train/media_talking_176.wav,media_talking
/content/drive/MyDrive/mark4.5/data/train/media_talking_177.wav,media_talking
/content/drive/MyDrive/mark4.5/data/train/media_talking_178.wav,media_talking
/content/drive/MyDrive/mark4.5/data/train/media_talking_179.wav,media_talking
/content/drive/MyDrive/mark4.5/data/train/media_talking_18.wav,media_talking
/content/drive/MyDrive/mark4.5/data/train/media_talking_180.wav,media_talking
/content/drive/MyDrive/mark4.5/data/train/media_talking_181.wav,media_talking
/content/drive/MyDrive/mark4.5/data/train/media_talking_182.wav,media_talking
/content/drive/MyDrive/mark4.5/data/train/media_talking_183.wav,media_talking
/content/drive/MyDrive/mark4.5/data/train/media_talking_184.wav,media_talking
/content/drive/MyDrive/mark4.5/data/train/media_talking_185.wav,media_talking
/content/drive/MyDrive/mark4.5/data/train/media_talking_186.wav,media_talking
/content/drive/MyDrive/mark4.5/data/train/media_talking_187.wav,media_talking
/content/drive/MyDrive/mark4.5/data/train/media_talking_188.wav,media_talking
/content/drive/MyDrive/mark4.5/data/train/media_talking_189.wav,media_talking
/content/drive/MyDrive/mark4.5/data/train/media_talking_19.wav,media_talking
/content/drive/MyDrive/mark4.5/data/train/media_talking_190.wav,media_talking
/content/drive/MyDrive/mark4.5/data/train/media_talking_191.wav,media_talking
/content/drive/MyDrive/mark4.5/data/train/media_talking_192.wav,media_talking
/content/drive/MyDrive/mark4.5/data/train/media_talking_193.wav,media_talking
/content/drive/MyDrive/mark4.5/data/train/media_talking_194.wav,media_talking
/content/drive/MyDrive/mark4.5/data/train/media_talking_195.wav,media_talking
/content/drive/MyDrive/mark4.5/data/train/media_talking_196.wav,media_talking
/content/drive/MyDrive/mark4.5/data/train/media_talking_197.wav,media_talking
/content/drive/MyDrive/mark4.5/data/train/media_talking_198.wav,media_talking
/content/drive/MyDrive/mark4.5/data/train/media_talking_199.wav,media_talking
/content/drive/MyDrive/mark4.5/data/train/media_talking_2.wav,media_talking
/content/drive/MyDrive/mark4.5/data/train/media_talking_20.wav,media_talking
/content/drive/MyDrive/mark4.5/data/train/media_talking_200.wav,media_talking
/content/drive/MyDrive/mark4.5/data/train/media_talking_201.wav,media_talking
/content/drive/MyDrive/mark4.5/data/train/media_talking_202.wav,media_talking
/content/drive/MyDrive/mark4.5/data/train/media_talking_203.wav,media_talking
/content/drive/MyDrive/mark4.5/data/train/media_talking_204.wav,media_talking
/content/drive/MyDrive/mark4.5/data/train/media_talking_205.wav,media_talking
/content/drive/MyDrive/mark4.5/data/train/media_talking_206.wav,media_talking
/content/drive/MyDrive/mark4.5/data/train/media_talking_207.wav,media_talking
/content/drive/MyDrive/mark4.5/data/train/media_talking_208.wav,media_talking
/content/drive/MyDrive/mark4.5/data/train/media_talking_209.wav,media_talking
/content/drive/MyDrive/mark4.5/data/train/media_talking_21.wav,media_talking
/content/drive/MyDrive/mark4.5/data/train/media_talking_210.wav,media_talking
/content/drive/MyDrive/mark4.5/data/train/media_talking_211.wav,media_talking
/content/drive/MyDrive/mark4.5/data/train/media_talking_212.wav,media_talking
/content/drive/MyDrive/mark4.5/data/train/media_talking_213.wav,media_talking
/content/drive/MyDrive/mark4.5/data/train/media_talking_214.wav,media_talking
/content/drive/MyDrive/mark4.5/data/train/media_talking_215.wav,media_talking
/content/drive/MyDrive/mark4.5/data/train/media_talking_216.wav,media_talking
/content/drive/MyDrive/mark4.5/data/train/media_talking_217.wav,media_talking
/content/drive/MyDrive/mark4.5/data/train/media_talking_218.wav,media_talking
/content/drive/MyDrive/mark4.5/data/train/media_talking_219.wav,media_talking
/content/drive/MyDrive/mark4.5/data/train/media_talking_22.wav,media_talking
/content/drive/MyDrive/mark4.5/data/train/media_talking_220.wav,media_talking
/content/drive/MyDrive/mark4.5/data/train/media_talking_221.wav,media_talking
/content/drive/MyDrive/mark4.5/data/train/media_talking_222.wav,media_talking
/content/drive/MyDrive/mark4.5/data/train/media_talking_223.wav,media_talking
/content/drive/MyDrive/mark4.5/data/train/media_talking_224.wav,media_talking
/content/drive/MyDrive/mark4.5/data/train/media_talking_225.wav,media_talking
/content/drive/MyDrive/mark4.5/data/train/media_talking_226.wav,media_talking
/content/drive/MyDrive/mark4.5/data/train/media_talking_227.wav,media_talking
/content/drive/MyDrive/mark4.5/data/train/media_talking_228.wav,media_talking
/content/drive/MyDrive/mark4.5/data/train/media_talking_229.wav,media_talking
/content/drive/MyDrive/mark4.5/data/train/media_talking_23.wav,media_talking
/content/drive/MyDrive/mark4.5/data/train/media_talking_230.wav,media_talking
/content/drive/MyDrive/mark4.5/data/train/media_talking_231.wav,media_talking
/content/drive/MyDrive/mark4.5/data/train/media_talking_232.wav,media_talking
/content/drive/MyDrive/mark4.5/data/train/media_talking_233.wav,media_talking
/content/drive/MyDrive/mark4.5/data/train/media_talking_234.wav,media_talking
/content/drive/MyDrive/mark4.5/data/train/media_talking_235.wav,media_talking
/content/drive/MyDrive/mark4.5/data/train/media_talking_236.wav,media_talking
/content/drive/MyDrive/mark4.5/data/train/media_talking_237.wav,media_talking
/content/drive/MyDrive/mark4.5/data/train/media_talking_238.wav,media_talking
/content/drive/MyDrive/mark4.5/data/train/media_talking_239.wav,media_talking
/content/drive/MyDrive/mark4.5/data/train/media_talking_24.wav,media_talking
/content/drive/MyDrive/mark4.5/data/train/media_talking_240.wav,media_talking
/content/drive/MyDrive/mark4.5/data/train/media_talking_241.wav,media_talking
/content/drive/MyDrive/mark4.5/data/train/media_talking_242.wav,media_talking
/content/drive/MyDrive/mark4.5/data/train/media_talking_243.wav,media_talking
/content/drive/MyDrive/mark4.5/data/train/media_talking_244.wav,media_talking
/content/drive/MyDrive/mark4.5/data/train/media_talking_245.wav,media_talking
/content/drive/MyDrive/mark4.5/data/train/media_talking_246.wav,media_talking
/content/drive/MyDrive/mark4.5/data/train/media_talking_247.wav,media_talking
/content/drive/MyDrive/mark4.5/data/train/media_talking_248.wav,media_talking
/content/drive/MyDrive/mark4.5/data/train/media_talking_249.wav,media_talking
/content/drive/MyDrive/mark4.5/data/train/media_talking_25.wav,media_talking
/content/drive/MyDrive/mark4.5/data/train/media_talking_250.wav,media_talking
/content/drive/MyDrive/mark4.5/data/train/media_talking_251.wav,media_talking
/content/drive/MyDrive/mark4.5/data/train/media_talking_252.wav,media_talking
/content/drive/MyDrive/mark4.5/data/train/media_talking_253.wav,media_talking
/content/drive/MyDrive/mark4.5/data/train/media_talking_254.wav,media_talking
/content/drive/MyDrive/mark4.5/data/train/media_talking_255.wav,media_talking
/content/drive/MyDrive/mark4.5/data/train/media_talking_256.wav,media_talking
/content/drive/MyDrive/mark4.5/data/train/media_talking_257.wav,media_talking
/content/drive/MyDrive/mark4.5/data/train/media_talking_258.wav,media_talking
/content/drive/MyDrive/mark4.5/data/train/media_talking_259.wav,media_talking
/content/drive/MyDrive/mark4.5/data/train/media_talking_26.wav,media_talking
/content/drive/MyDrive/mark4.5/data/train/media_talking_260.wav,media_talking
/content/drive/MyDrive/mark4.5/data/train/media_talking_261.wav,media_talking
/content/drive/MyDrive/mark4.5/data/train/media_talking_262.wav,media_talking
/content/drive/MyDrive/mark4.5/data/train/media_talking_263.wav,media_talking
/content/drive/MyDrive/mark4.5/data/train/media_talking_264.wav,media_talking
/content/drive/MyDrive/mark4.5/data/train/media_talking_265.wav,media_talking
/content/drive/MyDrive/mark4.5/data/train/media_talking_266.wav,media_talking
/content/drive/MyDrive/mark4.5/data/train/media_talking_267.wav,media_talking
/content/drive/MyDrive/mark4.5/data/train/media_talking_268.wav,media_talking
/content/drive/MyDrive/mark4.5/data/train/media_talking_269.wav,media_talking
/content/drive/MyDrive/mark4.5/data/train/media_talking_27.wav,media_talking
/content/drive/MyDrive/mark4.5/data/train/media_talking_270.wav,media_talking
/content/drive/MyDrive/mark4.5/data/train/media_talking_271.wav,media_talking
/content/drive/MyDrive/mark4.5/data/train/media_talking_272.wav,media_talking
/content/drive/MyDrive/mark4.5/data/train/media_talking_273.wav,media_talking
/content/drive/MyDrive/mark4.5/data/train/media_talking_274.wav,media_talking
/content/drive/MyDrive/mark4.5/data/train/media_talking_275.wav,media_talking
/content/drive/MyDrive/mark4.5/data/train/media_talking_276.wav,media_talking
/content/drive/MyDrive/mark4.5/data/train/media_talking_277.wav,media_talking
/content/drive/MyDrive/mark4.5/data/train/media_talking_278.wav,media_talking
/content/drive/MyDrive/mark4.5/data/train/media_talking_279.wav,media_talking
/content/drive/MyDrive/mark4.5/data/train/media_talking_28.wav,media_talking
/content/drive/MyDrive/mark4.5/data/train/media_talking_280.wav,media_talking
/content/drive/MyDrive/mark4.5/data/train/media_talking_281.wav,media_talking
/content/drive/MyDrive/mark4.5/data/train/media_talking_282.wav,media_talking
/content/drive/MyDrive/mark4.5/data/train/media_talking_283.wav,media_talking
/content/drive/MyDrive/mark4.5/data/train/media_talking_284.wav,media_talking
/content/drive/MyDrive/mark4.5/data/train/media_talking_285.wav,media_talking
/content/drive/MyDrive/mark4.5/data/train/media_talking_286.wav,media_talking
/content/drive/MyDrive/mark4.5/data/train/media_talking_287.wav,media_talking
/content/drive/MyDrive/mark4.5/data/train/media_talking_288.wav,media_talking
/content/drive/MyDrive/mark4.5/data/train/media_talking_289.wav,media_talking
/content/drive/MyDrive/mark4.5/data/train/media_talking_29.wav,media_talking
/content/drive/MyDrive/mark4.5/data/train/media_talking_290.wav,media_talking
/content/drive/MyDrive/mark4.5/data/train/media_talking_291.wav,media_talking
/content/drive/MyDrive/mark4.5/data/train/media_talking_292.wav,media_talking
/content/drive/MyDrive/mark4.5/data/train/media_talking_293.wav,media_talking
/content/drive/MyDrive/mark4.5/data/train/media_talking_294.wav,media_talking
/content/drive/MyDrive/mark4.5/data/train/media_talking_295.wav,media_talking
/content/drive/MyDrive/mark4.5/data/train/media_talking_296.wav,media_talking
/content/drive/MyDrive/mark4.5/data/train/media_talking_297.wav,media_talking
/content/drive/MyDrive/mark4.5/data/train/media_talking_298.wav,media_talking
/content/drive/MyDrive/mark4.5/data/train/media_talking_299.wav,media_talking
/content/drive/MyDrive/mark4.5/data/train/media_talking_3.wav,media_talking
/content/drive/MyDrive/mark4.5/data/train/media_talking_30.wav,media_talking
/content/drive/MyDrive/mark4.5/data/train/media_talking_300.wav,media_talking
/content/drive/MyDrive/mark4.5/data/train/media_talking_301.wav,media_talking
/content/drive/MyDrive/mark4.5/data/train/media_talking_302.wav,media_talking
/content/drive/MyDrive/mark4.5/data/train/media_talking_303.wav,media_talking
/content/drive/MyDrive/mark4.5/data/train/media_talking_304.wav,media_talking
/content/drive/MyDrive/mark4.5/data/train/media_talking_305.wav,media_talking
/content/drive/MyDrive/mark4.5/data/train/media_talking_306.wav,media_talking
/content/drive/MyDrive/mark4.5/data/train/media_talking_307.wav,media_talking
/content/drive/MyDrive/mark4.5/data/train/media_talking_308.wav,media_talking
/content/drive/MyDrive/mark4.5/data/train/media_talking_309.wav,media_talking
/content/drive/MyDrive/mark4.5/data/train/media_talking_31.wav,media_talking
/content/drive/MyDrive/mark4.5/data/train/media_talking_310.wav,media_talking
/content/drive/MyDrive/mark4.5/data/train/media_talking_311.wav,media_talking
/content/drive/MyDrive/mark4.5/data/train/media_talking_312.wav,media_talking
/content/drive/MyDrive/mark4.5/data/train/media_talking_313.wav,media_talking
/content/drive/MyDrive/mark4.5/data/train/media_talking_314.wav,media_talking
/content/drive/MyDrive/mark4.5/data/train/media_talking_315.wav,media_talking
/content/drive/MyDrive/mark4.5/data/train/media_talking_316.wav,media_talking
/content/drive/MyDrive/mark4.5/data/train/media_talking_317.wav,media_talking
/content/drive/MyDrive/mark4.5/data/train/media_talking_318.wav,media_talking
/content/drive/MyDrive/mark4.5/data/train/media_talking_319.wav,media_talking
/content/drive/MyDrive/mark4.5/data/train/media_talking_32.wav,media_talking
/content/drive/MyDrive/mark4.5/data/train/media_talking_320.wav,media_talking
/content/drive/MyDrive/mark4.5/data/train/media_talking_321.wav,media_talking
/content/drive/MyDrive/mark4.5/data/train/media_talking_322.wav,media_talking
/content/drive/MyDrive/mark4.5/data/train/media_talking_323.wav,media_talking
/content/drive/MyDrive/mark4.5/data/train/media_talking_324.wav,media_talking
/content/drive/MyDrive/mark4.5/data/train/media_talking_325.wav,media_talking
/content/drive/MyDrive/mark4.5/data/train/media_talking_326.wav,media_talking
/content/drive/MyDrive/mark4.5/data/train/media_talking_327.wav,media_talking
/content/drive/MyDrive/mark4.5/data/train/media_talking_328.wav,media_talking
/content/drive/MyDrive/mark4.5/data/train/media_talking_329.wav,media_talking
/content/drive/MyDrive/mark4.5/data/train/media_talking_33.wav,media_talking
/content/drive/MyDrive/mark4.5/data/train/media_talking_330.wav,media_talking
/content/drive/MyDrive/mark4.5/data/train/media_talking_331.wav,media_talking
/content/drive/MyDrive/mark4.5/data/train/media_talking_332.wav,media_talking
/content/drive/MyDrive/mark4.5/data/train/media_talking_333.wav,media_talking
/content/drive/MyDrive/mark4.5/data/train/media_talking_334.wav,media_talking
/content/drive/MyDrive/mark4.5/data/train/media_talking_335.wav,media_talking
/content/drive/MyDrive/mark4.5/data/train/media_talking_336.wav,media_talking
/content/drive/MyDrive/mark4.5/data/train/media_talking_337.wav,media_talking
/content/drive/MyDrive/mark4.5/data/train/media_talking_338.wav,media_talking
/content/drive/MyDrive/mark4.5/data/train/media_talking_339.wav,media_talking
/content/drive/MyDrive/mark4.5/data/train/media_talking_34.wav,media_talking
/content/drive/MyDrive/mark4.5/data/train/media_talking_340.wav,media_talking
/content/drive/MyDrive/mark4.5/data/train/media_talking_341.wav,media_talking
/content/drive/MyDrive/mark4.5/data/train/media_talking_342.wav,media_talking
/content/drive/MyDrive/mark4.5/data/train/media_talking_343.wav,media_talking
/content/drive/MyDrive/mark4.5/data/train/media_talking_344.wav,media_talking
/content/drive/MyDrive/mark4.5/data/train/media_talking_345.wav,media_talking
/content/drive/MyDrive/mark4.5/data/train/media_talking_346.wav,media_talking
/content/drive/MyDrive/mark4.5/data/train/media_talking_347.wav,media_talking
/content/drive/MyDrive/mark4.5/data/train/media_talking_348.wav,media_talking
/content/drive/MyDrive/mark4.5/data/train/media_talking_349.wav,media_talking
/content/drive/MyDrive/mark4.5/data/train/media_talking_35.wav,media_talking
/content/drive/MyDrive/mark4.5/data/train/media_talking_350.wav,media_talking
/content/drive/MyDrive/mark4.5/data/train/media_talking_351.wav,media_talking
/content/drive/MyDrive/mark4.5/data/train/media_talking_352.wav,media_talking
/content/drive/MyDrive/mark4.5/data/train/media_talking_353.wav,media_talking
/content/drive/MyDrive/mark4.5/data/train/media_talking_354.wav,media_talking
/content/drive/MyDrive/mark4.5/data/train/media_talking_355.wav,media_talking
/content/drive/MyDrive/mark4.5/data/train/media_talking_356.wav,media_talking
/content/drive/MyDrive/mark4.5/data/train/media_talking_357.wav,media_talking
/content/drive/MyDrive/mark4.5/data/train/media_talking_358.wav,media_talking
/content/drive/MyDrive/mark4.5/data/train/media_talking_359.wav,media_talking
/content/drive/MyDrive/mark4.5/data/train/media_talking_36.wav,media_talking
/content/drive/MyDrive/mark4.5/data/train/media_talking_360.wav,media_talking
/content/drive/MyDrive/mark4.5/data/train/media_talking_361.wav,media_talking
/content/drive/MyDrive/mark4.5/data/train/media_talking_362.wav,media_talking
/content/drive/MyDrive/mark4.5/data/train/media_talking_363.wav,media_talking
/content/drive/MyDrive/mark4.5/data/train/media_talking_364.wav,media_talking
/content/drive/MyDrive/mark4.5/data/train/media_talking_365.wav,media_talking
/content/drive/MyDrive/mark4.5/data/train/media_talking_366.wav,media_talking
/content/drive/MyDrive/mark4.5/data/train/media_talking_367.wav,media_talking
/content/drive/MyDrive/mark4.5/data/train/media_talking_368.wav,media_talking
/content/drive/MyDrive/mark4.5/data/train/media_talking_369.wav,media_talking
/content/drive/MyDrive/mark4.5/data/train/media_talking_37.wav,media_talking
/content/drive/MyDrive/mark4.5/data/train/media_talking_370.wav,media_talking
/content/drive/MyDrive/mark4.5/data/train/media_talking_371.wav,media_talking
/content/drive/MyDrive/mark4.5/data/train/media_talking_372.wav,media_talking
/content/drive/MyDrive/mark4.5/data/train/media_talking_373.wav,media_talking
/content/drive/MyDrive/mark4.5/data/train/media_talking_374.wav,media_talking
/content/drive/MyDrive/mark4.5/data/train/media_talking_375.wav,media_talking
/content/drive/MyDrive/mark4.5/data/train/media_talking_376.wav,media_talking
/content/drive/MyDrive/mark4.5/data/train/media_talking_377.wav,media_talking
/content/drive/MyDrive/mark4.5/data/train/media_talking_378.wav,media_talking
/content/drive/MyDrive/mark4.5/data/train/media_talking_379.wav,media_talking
/content/drive/MyDrive/mark4.5/data/train/media_talking_38.wav,media_talking
/content/drive/MyDrive/mark4.5/data/train/media_talking_380.wav,media_talking
/content/drive/MyDrive/mark4.5/data/train/media_talking_381.wav,media_talking
/content/drive/MyDrive/mark4.5/data/train/media_talking_382.wav,media_talking
/content/drive/MyDrive/mark4.5/data/train/media_talking_383.wav,media_talking
/content/drive/MyDrive/mark4.5/data/train/media_talking_384.wav,media_talking
/content/drive/MyDrive/mark4.5/data/train/media_talking_385.wav,media_talking
/content/drive/MyDrive/mark4.5/data/train/media_talking_386.wav,media_talking
/content/drive/MyDrive/mark4.5/data/train/media_talking_387.wav,media_talking
/content/drive/MyDrive/mark4.5/data/train/media_talking_388.wav,media_talking
/content/drive/MyDrive/mark4.5/data/train/media_talking_389.wav,media_talking
/content/drive/MyDrive/mark4.5/data/train/media_talking_39.wav,media_talking
/content/drive/MyDrive/mark4.5/data/train/media_talking_390.wav,media_talking
/content/drive/MyDrive/mark4.5/data/train/media_talking_391.wav,media_talking
/content/drive/MyDrive/mark4.5/data/train/media_talking_392.wav,media_talking
/content/drive/MyDrive/mark4.5/data/train/media_talking_393.wav,media_talking
/content/drive/MyDrive/mark4.5/data/train/media_talking_394.wav,media_talking
/content/drive/MyDrive/mark4.5/data/train/media_talking_395.wav,media_talking
/content/drive/MyDrive/mark4.5/data/train/media_talking_396.wav,media_talking
/content/drive/MyDrive/mark4.5/data/train/media_talking_397.wav,media_talking
/content/drive/MyDrive/mark4.5/data/train/media_talking_398.wav,media_talking
/content/drive/MyDrive/mark4.5/data/train/media_talking_399.wav,media_talking
/content/drive/MyDrive/mark4.5/data/train/media_talking_4.wav,media_talking
/content/drive/MyDrive/mark4.5/data/train/media_talking_40.wav,media_talking
/content/drive/MyDrive/mark4.5/data/train/media_talking_400.wav,media_talking
/content/drive/MyDrive/mark4.5/data/train/media_talking_401.wav,media_talking
/content/drive/MyDrive/mark4.5/data/train/media_talking_402.wav,media_talking
/content/drive/MyDrive/mark4.5/data/train/media_talking_403.wav,media_talking
/content/drive/MyDrive/mark4.5/data/train/media_talking_404.wav,media_talking
/content/drive/MyDrive/mark4.5/data/train/media_talking_405.wav,media_talking
/content/drive/MyDrive/mark4.5/data/train/media_talking_406.wav,media_talking
/content/drive/MyDrive/mark4.5/data/train/media_talking_407.wav,media_talking
/content/drive/MyDrive/mark4.5/data/train/media_talking_408.wav,media_talking
/content/drive/MyDrive/mark4.5/data/train/media_talking_409.wav,media_talking
/content/drive/MyDrive/mark4.5/data/train/media_talking_41.wav,media_talking
/content/drive/MyDrive/mark4.5/data/train/media_talking_410.wav,media_talking
/content/drive/MyDrive/mark4.5/data/train/media_talking_411.wav,media_talking
/content/drive/MyDrive/mark4.5/data/train/media_talking_412.wav,media_talking
/content/drive/MyDrive/mark4.5/data/train/media_talking_413.wav,media_talking
/content/drive/MyDrive/mark4.5/data/train/media_talking_414.wav,media_talking
/content/drive/MyDrive/mark4.5/data/train/media_talking_415.wav,media_talking
/content/drive/MyDrive/mark4.5/data/train/media_talking_416.wav,media_talking
/content/drive/MyDrive/mark4.5/data/train/media_talking_417.wav,media_talking
/content/drive/MyDrive/mark4.5/data/train/media_talking_418.wav,media_talking
/content/drive/MyDrive/mark4.5/data/train/media_talking_419.wav,media_talking
/content/drive/MyDrive/mark4.5/data/train/media_talking_42.wav,media_talking
/content/drive/MyDrive/mark4.5/data/train/media_talking_420.wav,media_talking
/content/drive/MyDrive/mark4.5/data/train/media_talking_421.wav,media_talking
/content/drive/MyDrive/mark4.5/data/train/media_talking_422.wav,media_talking
/content/drive/MyDrive/mark4.5/data/train/media_talking_423.wav,media_talking
/content/drive/MyDrive/mark4.5/data/train/media_talking_424.wav,media_talking
/content/drive/MyDrive/mark4.5/data/train/media_talking_425.wav,media_talking
/content/drive/MyDrive/mark4.5/data/train/media_talking_426.wav,media_talking
/content/drive/MyDrive/mark4.5/data/train/media_talking_427.wav,media_talking
/content/drive/MyDrive/mark4.5/data/train/media_talking_428.wav,media_talking
/content/drive/MyDrive/mark4.5/data/train/media_talking_429.wav,media_talking
/content/drive/MyDrive/mark4.5/data/train/media_talking_43.wav,media_talking
/content/drive/MyDrive/mark4.5/data/train/media_talking_430.wav,media_talking
/content/drive/MyDrive/mark4.5/data/train/media_talking_431.wav,media_talking
/content/drive/MyDrive/mark4.5/data/train/media_talking_432.wav,media_talking
/content/drive/MyDrive/mark4.5/data/train/media_talking_433.wav,media_talking
/content/drive/MyDrive/mark4.5/data/train/media_talking_434.wav,media_talking
/content/drive/MyDrive/mark4.5/data/train/media_talking_435.wav,media_talking
/content/drive/MyDrive/mark4.5/data/train/media_talking_436.wav,media_talking
/content/drive/MyDrive/mark4.5/data/train/media_talking_437.wav,media_talking
/content/drive/MyDrive/mark4.5/data/train/media_talking_438.wav,media_talking
/content/drive/MyDrive/mark4.5/data/train/media_talking_439.wav,media_talking
/content/drive/MyDrive/mark4.5/data/train/media_talking_44.wav,media_talking
/content/drive/MyDrive/mark4.5/data/train/media_talking_440.wav,media_talking
/content/drive/MyDrive/mark4.5/data/train/media_talking_441.wav,media_talking
/content/drive/MyDrive/mark4.5/data/train/media_talking_442.wav,media_talking
/content/drive/MyDrive/mark4.5/data/train/media_talking_443.wav,media_talking
/content/drive/MyDrive/mark4.5/data/train/media_talking_444.wav,media_talking
/content/drive/MyDrive/mark4.5/data/train/media_talking_445.wav,media_talking
/content/drive/MyDrive/mark4.5/data/train/media_talking_446.wav,media_talking
/content/drive/MyDrive/mark4.5/data/train/media_talking_447.wav,media_talking
/content/drive/MyDrive/mark4.5/data/train/media_talking_448.wav,media_talking
/content/drive/MyDrive/mark4.5/data/train/media_talking_449.wav,media_talking
/content/drive/MyDrive/mark4.5/data/train/media_talking_45.wav,media_talking
/content/drive/MyDrive/mark4.5/data/train/media_talking_450.wav,media_talking
/content/drive/MyDrive/mark4.5/data/train/media_talking_451.wav,media_talking
/content/drive/MyDrive/mark4.5/data/train/media_talking_452.wav,media_talking
/content/drive/MyDrive/mark4.5/data/train/media_talking_453.wav,media_talking
/content/drive/MyDrive/mark4.5/data/train/media_talking_454.wav,media_talking
/content/drive/MyDrive/mark4.5/data/train/media_talking_455.wav,media_talking
/content/drive/MyDrive/mark4.5/data/train/media_talking_456.wav,media_talking
/content/drive/MyDrive/mark4.5/data/train/media_talking_457.wav,media_talking
/content/drive/MyDrive/mark4.5/data/train/media_talking_458.wav,media_talking
/content/drive/MyDrive/mark4.5/data/train/media_talking_459.wav,media_talking
/content/drive/MyDrive/mark4.5/data/train/media_talking_46.wav,media_talking
/content/drive/MyDrive/mark4.5/data/train/media_talking_460.wav,media_talking
/content/drive/MyDrive/mark4.5/data/train/media_talking_461.wav,media_talking
/content/drive/MyDrive/mark4.5/data/train/media_talking_462.wav,media_talking
/content/drive/MyDrive/mark4.5/data/train/media_talking_463.wav,media_talking
/content/drive/MyDrive/mark4.5/data/train/media_talking_464.wav,media_talking
/content/drive/MyDrive/mark4.5/data/train/media_talking_465.wav,media_talking
/content/drive/MyDrive/mark4.5/data/train/media_talking_466.wav,media_talking
/content/drive/MyDrive/mark4.5/data/train/media_talking_467.wav,media_talking
/content/drive/MyDrive/mark4.5/data/train/media_talking_468.wav,media_talking
/content/drive/MyDrive/mark4.5/data/train/media_talking_469.wav,media_talking
/content/drive/MyDrive/mark4.5/data/train/media_talking_47.wav,media_talking
/content/drive/MyDrive/mark4.5/data/train/media_talking_470.wav,media_talking
/content/drive/MyDrive/mark4.5/data/train/media_talking_471.wav,media_talking
/content/drive/MyDrive/mark4.5/data/train/media_talking_472.wav,media_talking
/content/drive/MyDrive/mark4.5/data/train/media_talking_473.wav,media_talking
/content/drive/MyDrive/mark4.5/data/train/media_talking_474.wav,media_talking
/content/drive/MyDrive/mark4.5/data/train/media_talking_475.wav,media_talking
/content/drive/MyDrive/mark4.5/data/train/media_talking_476.wav,media_talking
/content/drive/MyDrive/mark4.5/data/train/media_talking_477.wav,media_talking
/content/drive/MyDrive/mark4.5/data/train/media_talking_478.wav,media_talking
/content/drive/MyDrive/mark4.5/data/train/media_talking_479.wav,media_talking
/content/drive/MyDrive/mark4.5/data/train/media_talking_48.wav,media_talking
/content/drive/MyDrive/mark4.5/data/train/media_talking_480.wav,media_talking
/content/drive/MyDrive/mark4.5/data/train/media_talking_481.wav,media_talking
/content/drive/MyDrive/mark4.5/data/train/media_talking_482.wav,media_talking
/content/drive/MyDrive/mark4.5/data/train/media_talking_483.wav,media_talking
/content/drive/MyDrive/mark4.5/data/train/media_talking_484.wav,media_talking
/content/drive/MyDrive/mark4.5/data/train/media_talking_485.wav,media_talking
/content/drive/MyDrive/mark4.5/data/train/media_talking_486.wav,media_talking
/content/drive/MyDrive/mark4.5/data/train/media_talking_487.wav,media_talking
/content/drive/MyDrive/mark4.5/data/train/media_talking_488.wav,media_talking
/content/drive/MyDrive/mark4.5/data/train/media_talking_489.wav,media_talking
/content/drive/MyDrive/mark4.5/data/train/media_talking_49.wav,media_talking
/content/drive/MyDrive/mark4.5/data/train/media_talking_490.wav,media_talking
/content/drive/MyDrive/mark4.5/data/train/media_talking_491.wav,media_talking
/content/drive/MyDrive/mark4.5/data/train/media_talking_492.wav,media_talking
/content/drive/MyDrive/mark4.5/data/train/media_talking_493.wav,media_talking
/content/drive/MyDrive/mark4.5/data/train/media_talking_494.wav,media_talking
/content/drive/MyDrive/mark4.5/data/train/media_talking_495.wav,media_talking
/content/drive/MyDrive/mark4.5/data/train/media_talking_496.wav,media_talking
/content/drive/MyDrive/mark4.5/data/train/media_talking_497.wav,media_talking
/content/drive/MyDrive/mark4.5/data/train/media_talking_498.wav,media_talking
/content/drive/MyDrive/mark4.5/data/train/media_talking_499.wav,media_talking
/content/drive/MyDrive/mark4.5/data/train/media_talking_5.wav,media_talking
/content/drive/MyDrive/mark4.5/data/train/media_talking_50.wav,media_talking
/content/drive/MyDrive/mark4.5/data/train/media_talking_500.wav,media_talking
/content/drive/MyDrive/mark4.5/data/train/media_talking_51.wav,media_talking
/content/drive/MyDrive/mark4.5/data/train/media_talking_52.wav,media_talking
/content/drive/MyDrive/mark4.5/data/train/media_talking_53.wav,media_talking
/content/drive/MyDrive/mark4.5/data/train/media_talking_54.wav,media_talking
/content/drive/MyDrive/mark4.5/data/train/media_talking_55.wav,media_talking
/content/drive/MyDrive/mark4.5/data/train/media_talking_56.wav,media_talking
/content/drive/MyDrive/mark4.5/data/train/media_talking_57.wav,media_talking
/content/drive/MyDrive/mark4.5/data/train/media_talking_58.wav,media_talking
/content/drive/MyDrive/mark4.5/data/train/media_talking_59.wav,media_talking
/content/drive/MyDrive/mark4.5/data/train/media_talking_6.wav,media_talking
/content/drive/MyDrive/mark4.5/data/train/media_talking_60.wav,media_talking
/content/drive/MyDrive/mark4.5/data/train/media_talking_61.wav,media_talking
/content/drive/MyDrive/mark4.5/data/train/media_talking_62.wav,media_talking
/content/drive/MyDrive/mark4.5/data/train/media_talking_63.wav,media_talking
/content/drive/MyDrive/mark4.5/data/train/media_talking_64.wav,media_talking
/content/drive/MyDrive/mark4.5/data/train/media_talking_65.wav,media_talking
/content/drive/MyDrive/mark4.5/data/train/media_talking_66.wav,media_talking
/content/drive/MyDrive/mark4.5/data/train/media_talking_67.wav,media_talking
/content/drive/MyDrive/mark4.5/data/train/media_talking_68.wav,media_talking
/content/drive/MyDrive/mark4.5/data/train/media_talking_69.wav,media_talking
/content/drive/MyDrive/mark4.5/data/train/media_talking_7.wav,media_talking
/content/drive/MyDrive/mark4.5/data/train/media_talking_70.wav,media_talking
/content/drive/MyDrive/mark4.5/data/train/media_talking_71.wav,media_talking
/content/drive/MyDrive/mark4.5/data/train/media_talking_72.wav,media_talking
/content/drive/MyDrive/mark4.5/data/train/media_talking_73.wav,media_talking
/content/drive/MyDrive/mark4.5/data/train/media_talking_74.wav,media_talking
/content/drive/MyDrive/mark4.5/data/train/media_talking_75.wav,media_talking
/content/drive/MyDrive/mark4.5/data/train/media_talking_76.wav,media_talking
/content/drive/MyDrive/mark4.5/data/train/media_talking_77.wav,media_talking
/content/drive/MyDrive/mark4.5/data/train/media_talking_78.wav,media_talking
/content/drive/MyDrive/mark4.5/data/train/media_talking_79.wav,media_talking
/content/drive/MyDrive/mark4.5/data/train/media_talking_8.wav,media_talking
/content/drive/MyDrive/mark4.5/data/train/media_talking_80.wav,media_talking
/content/drive/MyDrive/mark4.5/data/train/media_talking_81.wav,media_talking
/content/drive/MyDrive/mark4.5/data/train/media_talking_82.wav,media_talking
/content/drive/MyDrive/mark4.5/data/train/media_talking_83.wav,media_talking
/content/drive/MyDrive/mark4.5/data/train/media_talking_84.wav,media_talking
/content/drive/MyDrive/mark4.5/data/train/media_talking_85.wav,media_talking
/content/drive/MyDrive/mark4.5/data/train/media_talking_86.wav,media_talking
/content/drive/MyDrive/mark4.5/data/train/media_talking_87.wav,media_talking
/content/drive/MyDrive/mark4.5/data/train/media_talking_88.wav,media_talking
/content/drive/MyDrive/mark4.5/data/train/media_talking_89.wav,media_talking
/content/drive/MyDrive/mark4.5/data/train/media_talking_9.wav,media_talking
/content/drive/MyDrive/mark4.5/data/train/media_talking_90.wav,media_talking
/content/drive/MyDrive/mark4.5/data/train/media_talking_91.wav,media_talking
/content/drive/MyDrive/mark4.5/data/train/media_talking_92.wav,media_talking
/content/drive/MyDrive/mark4.5/data/train/media_talking_93.wav,media_talking
/content/drive/MyDrive/mark4.5/data/train/media_talking_94.wav,media_talking
/content/drive/MyDrive/mark4.5/data/train/media_talking_95.wav,media_talking
/content/drive/MyDrive/mark4.5/data/train/media_talking_96.wav,media_talking
/content/drive/MyDrive/mark4.5/data/train/media_talking_97.wav,media_talking
/content/drive/MyDrive/mark4.5/data/train/media_talking_98.wav,media_talking
/content/drive/MyDrive/mark4.5/data/train/media_talking_99.wav,media_talking
/content/drive/MyDrive/mark4.5/data/train/others_1.wav,others
/content/drive/MyDrive/mark4.5/data/train/others_10.wav,others
/content/drive/MyDrive/mark4.5/data/train/others_100.wav,others
/content/drive/MyDrive/mark4.5/data/train/others_101.wav,others
/content/drive/MyDrive/mark4.5/data/train/others_102.wav,others
/content/drive/MyDrive/mark4.5/data/train/others_103.wav,others
/content/drive/MyDrive/mark4.5/data/train/others_104.wav,others
/content/drive/MyDrive/mark4.5/data/train/others_105.wav,others
/content/drive/MyDrive/mark4.5/data/train/others_106.wav,others
/content/drive/MyDrive/mark4.5/data/train/others_107.wav,others
/content/drive/MyDrive/mark4.5/data/train/others_108.wav,others
/content/drive/MyDrive/mark4.5/data/train/others_109.wav,others
/content/drive/MyDrive/mark4.5/data/train/others_11.wav,others
/content/drive/MyDrive/mark4.5/data/train/others_110.wav,others
/content/drive/MyDrive/mark4.5/data/train/others_111.wav,others
/content/drive/MyDrive/mark4.5/data/train/others_112.wav,others
/content/drive/MyDrive/mark4.5/data/train/others_113.wav,others
/content/drive/MyDrive/mark4.5/data/train/others_114.wav,others
/content/drive/MyDrive/mark4.5/data/train/others_115.wav,others
/content/drive/MyDrive/mark4.5/data/train/others_116.wav,others
/content/drive/MyDrive/mark4.5/data/train/others_117.wav,others
/content/drive/MyDrive/mark4.5/data/train/others_118.wav,others
/content/drive/MyDrive/mark4.5/data/train/others_119.wav,others
/content/drive/MyDrive/mark4.5/data/train/others_12.wav,others
/content/drive/MyDrive/mark4.5/data/train/others_120.wav,others
/content/drive/MyDrive/mark4.5/data/train/others_121.wav,others
/content/drive/MyDrive/mark4.5/data/train/others_122.wav,others
/content/drive/MyDrive/mark4.5/data/train/others_123.wav,others
/content/drive/MyDrive/mark4.5/data/train/others_124.wav,others
/content/drive/MyDrive/mark4.5/data/train/others_125.wav,others
/content/drive/MyDrive/mark4.5/data/train/others_126.wav,others
/content/drive/MyDrive/mark4.5/data/train/others_127.wav,others
/content/drive/MyDrive/mark4.5/data/train/others_128.wav,others
/content/drive/MyDrive/mark4.5/data/train/others_129.wav,others
/content/drive/MyDrive/mark4.5/data/train/others_13.wav,others
/content/drive/MyDrive/mark4.5/data/train/others_130.wav,others
/content/drive/MyDrive/mark4.5/data/train/others_131.wav,others
/content/drive/MyDrive/mark4.5/data/train/others_132.wav,others
/content/drive/MyDrive/mark4.5/data/train/others_133.wav,others
/content/drive/MyDrive/mark4.5/data/train/others_134.wav,others
/content/drive/MyDrive/mark4.5/data/train/others_135.wav,others
/content/drive/MyDrive/mark4.5/data/train/others_136.wav,others
/content/drive/MyDrive/mark4.5/data/train/others_137.wav,others
/content/drive/MyDrive/mark4.5/data/train/others_138.wav,others
/content/drive/MyDrive/mark4.5/data/train/others_139.wav,others
/content/drive/MyDrive/mark4.5/data/train/others_14.wav,others
/content/drive/MyDrive/mark4.5/data/train/others_140.wav,others
/content/drive/MyDrive/mark4.5/data/train/others_141.wav,others
/content/drive/MyDrive/mark4.5/data/train/others_142.wav,others
/content/drive/MyDrive/mark4.5/data/train/others_143.wav,others
/content/drive/MyDrive/mark4.5/data/train/others_144.wav,others
/content/drive/MyDrive/mark4.5/data/train/others_145.wav,others
/content/drive/MyDrive/mark4.5/data/train/others_146.wav,others
/content/drive/MyDrive/mark4.5/data/train/others_147.wav,others
/content/drive/MyDrive/mark4.5/data/train/others_148.wav,others
/content/drive/MyDrive/mark4.5/data/train/others_149.wav,others
/content/drive/MyDrive/mark4.5/data/train/others_15.wav,others
/content/drive/MyDrive/mark4.5/data/train/others_150.wav,others
/content/drive/MyDrive/mark4.5/data/train/others_151.wav,others
/content/drive/MyDrive/mark4.5/data/train/others_152.wav,others
/content/drive/MyDrive/mark4.5/data/train/others_153.wav,others
/content/drive/MyDrive/mark4.5/data/train/others_154.wav,others
/content/drive/MyDrive/mark4.5/data/train/others_155.wav,others
/content/drive/MyDrive/mark4.5/data/train/others_156.wav,others
/content/drive/MyDrive/mark4.5/data/train/others_157.wav,others
/content/drive/MyDrive/mark4.5/data/train/others_158.wav,others
/content/drive/MyDrive/mark4.5/data/train/others_159.wav,others
/content/drive/MyDrive/mark4.5/data/train/others_16.wav,others
/content/drive/MyDrive/mark4.5/data/train/others_160.wav,others
/content/drive/MyDrive/mark4.5/data/train/others_161.wav,others
/content/drive/MyDrive/mark4.5/data/train/others_162.wav,others
/content/drive/MyDrive/mark4.5/data/train/others_163.wav,others
/content/drive/MyDrive/mark4.5/data/train/others_164.wav,others
/content/drive/MyDrive/mark4.5/data/train/others_165.wav,others
/content/drive/MyDrive/mark4.5/data/train/others_166.wav,others
/content/drive/MyDrive/mark4.5/data/train/others_167.wav,others
/content/drive/MyDrive/mark4.5/data/train/others_168.wav,others
/content/drive/MyDrive/mark4.5/data/train/others_169.wav,others
/content/drive/MyDrive/mark4.5/data/train/others_17.wav,others
/content/drive/MyDrive/mark4.5/data/train/others_170.wav,others
/content/drive/MyDrive/mark4.5/data/train/others_171.wav,others
/content/drive/MyDrive/mark4.5/data/train/others_172.wav,others
/content/drive/MyDrive/mark4.5/data/train/others_173.wav,others
/content/drive/MyDrive/mark4.5/data/train/others_174.wav,others
/content/drive/MyDrive/mark4.5/data/train/others_175.wav,others
/content/drive/MyDrive/mark4.5/data/train/others_176.wav,others
/content/drive/MyDrive/mark4.5/data/train/others_177.wav,others
/content/drive/MyDrive/mark4.5/data/train/others_178.wav,others
/content/drive/MyDrive/mark4.5/data/train/others_179.wav,others
/content/drive/MyDrive/mark4.5/data/train/others_18.wav,others
/content/drive/MyDrive/mark4.5/data/train/others_180.wav,others
/content/drive/MyDrive/mark4.5/data/train/others_181.wav,others
/content/drive/MyDrive/mark4.5/data/train/others_182.wav,others
/content/drive/MyDrive/mark4.5/data/train/others_183.wav,others
/content/drive/MyDrive/mark4.5/data/train/others_184.wav,others
/content/drive/MyDrive/mark4.5/data/train/others_185.wav,others
/content/drive/MyDrive/mark4.5/data/train/others_186.wav,others
/content/drive/MyDrive/mark4.5/data/train/others_187.wav,others
/content/drive/MyDrive/mark4.5/data/train/others_188.wav,others
/content/drive/MyDrive/mark4.5/data/train/others_189.wav,others
/content/drive/MyDrive/mark4.5/data/train/others_19.wav,others
/content/drive/MyDrive/mark4.5/data/train/others_190.wav,others
/content/drive/MyDrive/mark4.5/data/train/others_191.wav,others
/content/drive/MyDrive/mark4.5/data/train/others_192.wav,others
/content/drive/MyDrive/mark4.5/data/train/others_193.wav,others
/content/drive/MyDrive/mark4.5/data/train/others_194.wav,others
/content/drive/MyDrive/mark4.5/data/train/others_195.wav,others
/content/drive/MyDrive/mark4.5/data/train/others_196.wav,others
/content/drive/MyDrive/mark4.5/data/train/others_197.wav,others
/content/drive/MyDrive/mark4.5/data/train/others_198.wav,others
/content/drive/MyDrive/mark4.5/data/train/others_199.wav,others
/content/drive/MyDrive/mark4.5/data/train/others_2.wav,others
/content/drive/MyDrive/mark4.5/data/train/others_20.wav,others
/content/drive/MyDrive/mark4.5/data/train/others_200.wav,others
/content/drive/MyDrive/mark4.5/data/train/others_201.wav,others
/content/drive/MyDrive/mark4.5/data/train/others_202.wav,others
/content/drive/MyDrive/mark4.5/data/train/others_203.wav,others
/content/drive/MyDrive/mark4.5/data/train/others_204.wav,others
/content/drive/MyDrive/mark4.5/data/train/others_205.wav,others
/content/drive/MyDrive/mark4.5/data/train/others_206.wav,others
/content/drive/MyDrive/mark4.5/data/train/others_207.wav,others
/content/drive/MyDrive/mark4.5/data/train/others_208.wav,others
/content/drive/MyDrive/mark4.5/data/train/others_209.wav,others
/content/drive/MyDrive/mark4.5/data/train/others_21.wav,others
/content/drive/MyDrive/mark4.5/data/train/others_210.wav,others
/content/drive/MyDrive/mark4.5/data/train/others_211.wav,others
/content/drive/MyDrive/mark4.5/data/train/others_212.wav,others
/content/drive/MyDrive/mark4.5/data/train/others_213.wav,others
/content/drive/MyDrive/mark4.5/data/train/others_214.wav,others
/content/drive/MyDrive/mark4.5/data/train/others_215.wav,others
/content/drive/MyDrive/mark4.5/data/train/others_216.wav,others
/content/drive/MyDrive/mark4.5/data/train/others_217.wav,others
/content/drive/MyDrive/mark4.5/data/train/others_218.wav,others
/content/drive/MyDrive/mark4.5/data/train/others_219.wav,others
/content/drive/MyDrive/mark4.5/data/train/others_22.wav,others
/content/drive/MyDrive/mark4.5/data/train/others_220.wav,others
/content/drive/MyDrive/mark4.5/data/train/others_221.wav,others
/content/drive/MyDrive/mark4.5/data/train/others_222.wav,others
/content/drive/MyDrive/mark4.5/data/train/others_223.wav,others
/content/drive/MyDrive/mark4.5/data/train/others_224.wav,others
/content/drive/MyDrive/mark4.5/data/train/others_225.wav,others
/content/drive/MyDrive/mark4.5/data/train/others_226.wav,others
/content/drive/MyDrive/mark4.5/data/train/others_227.wav,others
/content/drive/MyDrive/mark4.5/data/train/others_228.wav,others
/content/drive/MyDrive/mark4.5/data/train/others_229.wav,others
/content/drive/MyDrive/mark4.5/data/train/others_23.wav,others
/content/drive/MyDrive/mark4.5/data/train/others_230.wav,others
/content/drive/MyDrive/mark4.5/data/train/others_231.wav,others
/content/drive/MyDrive/mark4.5/data/train/others_232.wav,others
/content/drive/MyDrive/mark4.5/data/train/others_233.wav,others
/content/drive/MyDrive/mark4.5/data/train/others_234.wav,others
/content/drive/MyDrive/mark4.5/data/train/others_235.wav,others
/content/drive/MyDrive/mark4.5/data/train/others_236.wav,others
/content/drive/MyDrive/mark4.5/data/train/others_237.wav,others
/content/drive/MyDrive/mark4.5/data/train/others_238.wav,others
/content/drive/MyDrive/mark4.5/data/train/others_239.wav,others
/content/drive/MyDrive/mark4.5/data/train/others_24.wav,others
/content/drive/MyDrive/mark4.5/data/train/others_240.wav,others
/content/drive/MyDrive/mark4.5/data/train/others_241.wav,others
/content/drive/MyDrive/mark4.5/data/train/others_242.wav,others
/content/drive/MyDrive/mark4.5/data/train/others_243.wav,others
/content/drive/MyDrive/mark4.5/data/train/others_244.wav,others
/content/drive/MyDrive/mark4.5/data/train/others_245.wav,others
/content/drive/MyDrive/mark4.5/data/train/others_246.wav,others
/content/drive/MyDrive/mark4.5/data/train/others_247.wav,others
/content/drive/MyDrive/mark4.5/data/train/others_248.wav,others
/content/drive/MyDrive/mark4.5/data/train/others_249.wav,others
/content/drive/MyDrive/mark4.5/data/train/others_25.wav,others
/content/drive/MyDrive/mark4.5/data/train/others_250.wav,others
/content/drive/MyDrive/mark4.5/data/train/others_251.wav,others
/content/drive/MyDrive/mark4.5/data/train/others_252.wav,others
/content/drive/MyDrive/mark4.5/data/train/others_253.wav,others
/content/drive/MyDrive/mark4.5/data/train/others_254.wav,others
/content/drive/MyDrive/mark4.5/data/train/others_255.wav,others
/content/drive/MyDrive/mark4.5/data/train/others_256.wav,others
/content/drive/MyDrive/mark4.5/data/train/others_257.wav,others
/content/drive/MyDrive/mark4.5/data/train/others_258.wav,others
/content/drive/MyDrive/mark4.5/data/train/others_259.wav,others
/content/drive/MyDrive/mark4.5/data/train/others_26.wav,others
/content/drive/MyDrive/mark4.5/data/train/others_260.wav,others
/content/drive/MyDrive/mark4.5/data/train/others_261.wav,others
/content/drive/MyDrive/mark4.5/data/train/others_262.wav,others
/content/drive/MyDrive/mark4.5/data/train/others_263.wav,others
/content/drive/MyDrive/mark4.5/data/train/others_264.wav,others
/content/drive/MyDrive/mark4.5/data/train/others_265.wav,others
/content/drive/MyDrive/mark4.5/data/train/others_266.wav,others
/content/drive/MyDrive/mark4.5/data/train/others_267.wav,others
/content/drive/MyDrive/mark4.5/data/train/others_268.wav,others
/content/drive/MyDrive/mark4.5/data/train/others_269.wav,others
/content/drive/MyDrive/mark4.5/data/train/others_27.wav,others
/content/drive/MyDrive/mark4.5/data/train/others_270.wav,others
/content/drive/MyDrive/mark4.5/data/train/others_271.wav,others
/content/drive/MyDrive/mark4.5/data/train/others_272.wav,others
/content/drive/MyDrive/mark4.5/data/train/others_273.wav,others
/content/drive/MyDrive/mark4.5/data/train/others_274.wav,others
/content/drive/MyDrive/mark4.5/data/train/others_275.wav,others
/content/drive/MyDrive/mark4.5/data/train/others_276.wav,others
/content/drive/MyDrive/mark4.5/data/train/others_277.wav,others
/content/drive/MyDrive/mark4.5/data/train/others_278.wav,others
/content/drive/MyDrive/mark4.5/data/train/others_279.wav,others
/content/drive/MyDrive/mark4.5/data/train/others_28.wav,others
/content/drive/MyDrive/mark4.5/data/train/others_280.wav,others
/content/drive/MyDrive/mark4.5/data/train/others_281.wav,others
/content/drive/MyDrive/mark4.5/data/train/others_282.wav,others
/content/drive/MyDrive/mark4.5/data/train/others_283.wav,others
/content/drive/MyDrive/mark4.5/data/train/others_284.wav,others
/content/drive/MyDrive/mark4.5/data/train/others_285.wav,others
/content/drive/MyDrive/mark4.5/data/train/others_286.wav,others
/content/drive/MyDrive/mark4.5/data/train/others_287.wav,others
/content/drive/MyDrive/mark4.5/data/train/others_288.wav,others
/content/drive/MyDrive/mark4.5/data/train/others_289.wav,others
/content/drive/MyDrive/mark4.5/data/train/others_29.wav,others
/content/drive/MyDrive/mark4.5/data/train/others_290.wav,others
/content/drive/MyDrive/mark4.5/data/train/others_291.wav,others
/content/drive/MyDrive/mark4.5/data/train/others_292.wav,others
/content/drive/MyDrive/mark4.5/data/train/others_293.wav,others
/content/drive/MyDrive/mark4.5/data/train/others_294.wav,others
/content/drive/MyDrive/mark4.5/data/train/others_295.wav,others
/content/drive/MyDrive/mark4.5/data/train/others_296.wav,others
/content/drive/MyDrive/mark4.5/data/train/others_297.wav,others
/content/drive/MyDrive/mark4.5/data/train/others_298.wav,others
/content/drive/MyDrive/mark4.5/data/train/others_299.wav,others
/content/drive/MyDrive/mark4.5/data/train/others_3.wav,others
/content/drive/MyDrive/mark4.5/data/train/others_30.wav,others
/content/drive/MyDrive/mark4.5/data/train/others_300.wav,others
/content/drive/MyDrive/mark4.5/data/train/others_301.wav,others
/content/drive/MyDrive/mark4.5/data/train/others_302.wav,others
/content/drive/MyDrive/mark4.5/data/train/others_303.wav,others
/content/drive/MyDrive/mark4.5/data/train/others_304.wav,others
/content/drive/MyDrive/mark4.5/data/train/others_305.wav,others
/content/drive/MyDrive/mark4.5/data/train/others_306.wav,others
/content/drive/MyDrive/mark4.5/data/train/others_307.wav,others
/content/drive/MyDrive/mark4.5/data/train/others_308.wav,others
/content/drive/MyDrive/mark4.5/data/train/others_309.wav,others
/content/drive/MyDrive/mark4.5/data/train/others_31.wav,others
/content/drive/MyDrive/mark4.5/data/train/others_310.wav,others
/content/drive/MyDrive/mark4.5/data/train/others_311.wav,others
/content/drive/MyDrive/mark4.5/data/train/others_312.wav,others
/content/drive/MyDrive/mark4.5/data/train/others_313.wav,others
/content/drive/MyDrive/mark4.5/data/train/others_314.wav,others
/content/drive/MyDrive/mark4.5/data/train/others_315.wav,others
/content/drive/MyDrive/mark4.5/data/train/others_316.wav,others
/content/drive/MyDrive/mark4.5/data/train/others_317.wav,others
/content/drive/MyDrive/mark4.5/data/train/others_318.wav,others
/content/drive/MyDrive/mark4.5/data/train/others_319.wav,others
/content/drive/MyDrive/mark4.5/data/train/others_32.wav,others
/content/drive/MyDrive/mark4.5/data/train/others_320.wav,others
/content/drive/MyDrive/mark4.5/data/train/others_321.wav,others
/content/drive/MyDrive/mark4.5/data/train/others_322.wav,others
/content/drive/MyDrive/mark4.5/data/train/others_323.wav,others
/content/drive/MyDrive/mark4.5/data/train/others_324.wav,others
/content/drive/MyDrive/mark4.5/data/train/others_325.wav,others
/content/drive/MyDrive/mark4.5/data/train/others_326.wav,others
/content/drive/MyDrive/mark4.5/data/train/others_327.wav,others
/content/drive/MyDrive/mark4.5/data/train/others_328.wav,others
/content/drive/MyDrive/mark4.5/data/train/others_329.wav,others
/content/drive/MyDrive/mark4.5/data/train/others_33.wav,others
/content/drive/MyDrive/mark4.5/data/train/others_330.wav,others
/content/drive/MyDrive/mark4.5/data/train/others_331.wav,others
/content/drive/MyDrive/mark4.5/data/train/others_332.wav,others
/content/drive/MyDrive/mark4.5/data/train/others_333.wav,others
/content/drive/MyDrive/mark4.5/data/train/others_334.wav,others
/content/drive/MyDrive/mark4.5/data/train/others_335.wav,others
/content/drive/MyDrive/mark4.5/data/train/others_336.wav,others
/content/drive/MyDrive/mark4.5/data/train/others_337.wav,others
/content/drive/MyDrive/mark4.5/data/train/others_338.wav,others
/content/drive/MyDrive/mark4.5/data/train/others_339.wav,others
/content/drive/MyDrive/mark4.5/data/train/others_34.wav,others
/content/drive/MyDrive/mark4.5/data/train/others_340.wav,others
/content/drive/MyDrive/mark4.5/data/train/others_341.wav,others
/content/drive/MyDrive/mark4.5/data/train/others_342.wav,others
/content/drive/MyDrive/mark4.5/data/train/others_343.wav,others
/content/drive/MyDrive/mark4.5/data/train/others_344.wav,others
/content/drive/MyDrive/mark4.5/data/train/others_345.wav,others
/content/drive/MyDrive/mark4.5/data/train/others_346.wav,others
/content/drive/MyDrive/mark4.5/data/train/others_347.wav,others
/content/drive/MyDrive/mark4.5/data/train/others_348.wav,others
/content/drive/MyDrive/mark4.5/data/train/others_349.wav,others
/content/drive/MyDrive/mark4.5/data/train/others_35.wav,others
/content/drive/MyDrive/mark4.5/data/train/others_350.wav,others
/content/drive/MyDrive/mark4.5/data/train/others_351.wav,others
/content/drive/MyDrive/mark4.5/data/train/others_352.wav,others
/content/drive/MyDrive/mark4.5/data/train/others_353.wav,others
/content/drive/MyDrive/mark4.5/data/train/others_354.wav,others
/content/drive/MyDrive/mark4.5/data/train/others_355.wav,others
/content/drive/MyDrive/mark4.5/data/train/others_356.wav,others
/content/drive/MyDrive/mark4.5/data/train/others_357.wav,others
/content/drive/MyDrive/mark4.5/data/train/others_358.wav,others
/content/drive/MyDrive/mark4.5/data/train/others_359.wav,others
/content/drive/MyDrive/mark4.5/data/train/others_36.wav,others
/content/drive/MyDrive/mark4.5/data/train/others_360.wav,others
/content/drive/MyDrive/mark4.5/data/train/others_361.wav,others
/content/drive/MyDrive/mark4.5/data/train/others_362.wav,others
/content/drive/MyDrive/mark4.5/data/train/others_363.wav,others
/content/drive/MyDrive/mark4.5/data/train/others_364.wav,others
/content/drive/MyDrive/mark4.5/data/train/others_365.wav,others
/content/drive/MyDrive/mark4.5/data/train/others_366.wav,others
/content/drive/MyDrive/mark4.5/data/train/others_367.wav,others
/content/drive/MyDrive/mark4.5/data/train/others_368.wav,others
/content/drive/MyDrive/mark4.5/data/train/others_369.wav,others
/content/drive/MyDrive/mark4.5/data/train/others_37.wav,others
/content/drive/MyDrive/mark4.5/data/train/others_370.wav,others
/content/drive/MyDrive/mark4.5/data/train/others_371.wav,others
/content/drive/MyDrive/mark4.5/data/train/others_372.wav,others
/content/drive/MyDrive/mark4.5/data/train/others_373.wav,others
/content/drive/MyDrive/mark4.5/data/train/others_374.wav,others
/content/drive/MyDrive/mark4.5/data/train/others_375.wav,others
/content/drive/MyDrive/mark4.5/data/train/others_376.wav,others
/content/drive/MyDrive/mark4.5/data/train/others_377.wav,others
/content/drive/MyDrive/mark4.5/data/train/others_378.wav,others
/content/drive/MyDrive/mark4.5/data/train/others_379.wav,others
/content/drive/MyDrive/mark4.5/data/train/others_38.wav,others
/content/drive/MyDrive/mark4.5/data/train/others_380.wav,others
/content/drive/MyDrive/mark4.5/data/train/others_381.wav,others
/content/drive/MyDrive/mark4.5/data/train/others_382.wav,others
/content/drive/MyDrive/mark4.5/data/train/others_383.wav,others
/content/drive/MyDrive/mark4.5/data/train/others_384.wav,others
/content/drive/MyDrive/mark4.5/data/train/others_385.wav,others
/content/drive/MyDrive/mark4.5/data/train/others_386.wav,others
/content/drive/MyDrive/mark4.5/data/train/others_387.wav,others
/content/drive/MyDrive/mark4.5/data/train/others_388.wav,others
/content/drive/MyDrive/mark4.5/data/train/others_389.wav,others
/content/drive/MyDrive/mark4.5/data/train/others_39.wav,others
/content/drive/MyDrive/mark4.5/data/train/others_390.wav,others
/content/drive/MyDrive/mark4.5/data/train/others_391.wav,others
/content/drive/MyDrive/mark4.5/data/train/others_392.wav,others
/content/drive/MyDrive/mark4.5/data/train/others_393.wav,others
/content/drive/MyDrive/mark4.5/data/train/others_394.wav,others
/content/drive/MyDrive/mark4.5/data/train/others_395.wav,others
/content/drive/MyDrive/mark4.5/data/train/others_396.wav,others
/content/drive/MyDrive/mark4.5/data/train/others_397.wav,others
/content/drive/MyDrive/mark4.5/data/train/others_398.wav,others
/content/drive/MyDrive/mark4.5/data/train/others_399.wav,others
/content/drive/MyDrive/mark4.5/data/train/others_4.wav,others
/content/drive/MyDrive/mark4.5/data/train/others_40.wav,others
/content/drive/MyDrive/mark4.5/data/train/others_400.wav,others
/content/drive/MyDrive/mark4.5/data/train/others_401.wav,others
/content/drive/MyDrive/mark4.5/data/train/others_402.wav,others
/content/drive/MyDrive/mark4.5/data/train/others_403.wav,others
/content/drive/MyDrive/mark4.5/data/train/others_404.wav,others
/content/drive/MyDrive/mark4.5/data/train/others_405.wav,others
/content/drive/MyDrive/mark4.5/data/train/others_406.wav,others
/content/drive/MyDrive/mark4.5/data/train/others_407.wav,others
/content/drive/MyDrive/mark4.5/data/train/others_408.wav,others
/content/drive/MyDrive/mark4.5/data/train/others_409.wav,others
/content/drive/MyDrive/mark4.5/data/train/others_41.wav,others
/content/drive/MyDrive/mark4.5/data/train/others_410.wav,others
/content/drive/MyDrive/mark4.5/data/train/others_411.wav,others
/content/drive/MyDrive/mark4.5/data/train/others_412.wav,others
/content/drive/MyDrive/mark4.5/data/train/others_413.wav,others
/content/drive/MyDrive/mark4.5/data/train/others_414.wav,others
/content/drive/MyDrive/mark4.5/data/train/others_415.wav,others
/content/drive/MyDrive/mark4.5/data/train/others_416.wav,others
/content/drive/MyDrive/mark4.5/data/train/others_417.wav,others
/content/drive/MyDrive/mark4.5/data/train/others_418.wav,others
/content/drive/MyDrive/mark4.5/data/train/others_419.wav,others
/content/drive/MyDrive/mark4.5/data/train/others_42.wav,others
/content/drive/MyDrive/mark4.5/data/train/others_420.wav,others
/content/drive/MyDrive/mark4.5/data/train/others_421.wav,others
/content/drive/MyDrive/mark4.5/data/train/others_422.wav,others
/content/drive/MyDrive/mark4.5/data/train/others_423.wav,others
/content/drive/MyDrive/mark4.5/data/train/others_424.wav,others
/content/drive/MyDrive/mark4.5/data/train/others_425.wav,others
/content/drive/MyDrive/mark4.5/data/train/others_426.wav,others
/content/drive/MyDrive/mark4.5/data/train/others_427.wav,others
/content/drive/MyDrive/mark4.5/data/train/others_428.wav,others
/content/drive/MyDrive/mark4.5/data/train/others_429.wav,others
/content/drive/MyDrive/mark4.5/data/train/others_43.wav,others
/content/drive/MyDrive/mark4.5/data/train/others_430.wav,others
/content/drive/MyDrive/mark4.5/data/train/others_431.wav,others
/content/drive/MyDrive/mark4.5/data/train/others_432.wav,others
/content/drive/MyDrive/mark4.5/data/train/others_433.wav,others
/content/drive/MyDrive/mark4.5/data/train/others_434.wav,others
/content/drive/MyDrive/mark4.5/data/train/others_435.wav,others
/content/drive/MyDrive/mark4.5/data/train/others_436.wav,others
/content/drive/MyDrive/mark4.5/data/train/others_437.wav,others
/content/drive/MyDrive/mark4.5/data/train/others_438.wav,others
/content/drive/MyDrive/mark4.5/data/train/others_439.wav,others
/content/drive/MyDrive/mark4.5/data/train/others_44.wav,others
/content/drive/MyDrive/mark4.5/data/train/others_440.wav,others
/content/drive/MyDrive/mark4.5/data/train/others_441.wav,others
/content/drive/MyDrive/mark4.5/data/train/others_442.wav,others
/content/drive/MyDrive/mark4.5/data/train/others_443.wav,others
/content/drive/MyDrive/mark4.5/data/train/others_444.wav,others
/content/drive/MyDrive/mark4.5/data/train/others_445.wav,others
/content/drive/MyDrive/mark4.5/data/train/others_446.wav,others
/content/drive/MyDrive/mark4.5/data/train/others_447.wav,others
/content/drive/MyDrive/mark4.5/data/train/others_448.wav,others
/content/drive/MyDrive/mark4.5/data/train/others_449.wav,others
/content/drive/MyDrive/mark4.5/data/train/others_45.wav,others
/content/drive/MyDrive/mark4.5/data/train/others_450.wav,others
/content/drive/MyDrive/mark4.5/data/train/others_451.wav,others
/content/drive/MyDrive/mark4.5/data/train/others_452.wav,others
/content/drive/MyDrive/mark4.5/data/train/others_453.wav,others
/content/drive/MyDrive/mark4.5/data/train/others_454.wav,others
/content/drive/MyDrive/mark4.5/data/train/others_455.wav,others
/content/drive/MyDrive/mark4.5/data/train/others_456.wav,others
/content/drive/MyDrive/mark4.5/data/train/others_457.wav,others
/content/drive/MyDrive/mark4.5/data/train/others_458.wav,others
/content/drive/MyDrive/mark4.5/data/train/others_459.wav,others
/content/drive/MyDrive/mark4.5/data/train/others_46.wav,others
/content/drive/MyDrive/mark4.5/data/train/others_460.wav,others
/content/drive/MyDrive/mark4.5/data/train/others_461.wav,others
/content/drive/MyDrive/mark4.5/data/train/others_462.wav,others
/content/drive/MyDrive/mark4.5/data/train/others_463.wav,others
/content/drive/MyDrive/mark4.5/data/train/others_464.wav,others
/content/drive/MyDrive/mark4.5/data/train/others_465.wav,others
/content/drive/MyDrive/mark4.5/data/train/others_466.wav,others
/content/drive/MyDrive/mark4.5/data/train/others_467.wav,others
/content/drive/MyDrive/mark4.5/data/train/others_468.wav,others
/content/drive/MyDrive/mark4.5/data/train/others_469.wav,others
/content/drive/MyDrive/mark4.5/data/train/others_47.wav,others
/content/drive/MyDrive/mark4.5/data/train/others_470.wav,others
/content/drive/MyDrive/mark4.5/data/train/others_471.wav,others
/content/drive/MyDrive/mark4.5/data/train/others_472.wav,others
/content/drive/MyDrive/mark4.5/data/train/others_473.wav,others
/content/drive/MyDrive/mark4.5/data/train/others_474.wav,others
/content/drive/MyDrive/mark4.5/data/train/others_475.wav,others
/content/drive/MyDrive/mark4.5/data/train/others_476.wav,others
/content/drive/MyDrive/mark4.5/data/train/others_477.wav,others
/content/drive/MyDrive/mark4.5/data/train/others_478.wav,others
/content/drive/MyDrive/mark4.5/data/train/others_479.wav,others
/content/drive/MyDrive/mark4.5/data/train/others_48.wav,others
/content/drive/MyDrive/mark4.5/data/train/others_480.wav,others
/content/drive/MyDrive/mark4.5/data/train/others_481.wav,others
/content/drive/MyDrive/mark4.5/data/train/others_482.wav,others
/content/drive/MyDrive/mark4.5/data/train/others_483.wav,others
/content/drive/MyDrive/mark4.5/data/train/others_484.wav,others
/content/drive/MyDrive/mark4.5/data/train/others_485.wav,others
/content/drive/MyDrive/mark4.5/data/train/others_486.wav,others
/content/drive/MyDrive/mark4.5/data/train/others_487.wav,others
/content/drive/MyDrive/mark4.5/data/train/others_488.wav,others
/content/drive/MyDrive/mark4.5/data/train/others_489.wav,others
/content/drive/MyDrive/mark4.5/data/train/others_49.wav,others
/content/drive/MyDrive/mark4.5/data/train/others_490.wav,others
/content/drive/MyDrive/mark4.5/data/train/others_491.wav,others
/content/drive/MyDrive/mark4.5/data/train/others_492.wav,others
/content/drive/MyDrive/mark4.5/data/train/others_493.wav,others
/content/drive/MyDrive/mark4.5/data/train/others_494.wav,others
/content/drive/MyDrive/mark4.5/data/train/others_495.wav,others
/content/drive/MyDrive/mark4.5/data/train/others_496.wav,others
/content/drive/MyDrive/mark4.5/data/train/others_497.wav,others
/content/drive/MyDrive/mark4.5/data/train/others_498.wav,others
/content/drive/MyDrive/mark4.5/data/train/others_499.wav,others
/content/drive/MyDrive/mark4.5/data/train/others_5.wav,others
/content/drive/MyDrive/mark4.5/data/train/others_50.wav,others
/content/drive/MyDrive/mark4.5/data/train/others_500.wav,others
/content/drive/MyDrive/mark4.5/data/train/others_51.wav,others
/content/drive/MyDrive/mark4.5/data/train/others_52.wav,others
/content/drive/MyDrive/mark4.5/data/train/others_53.wav,others
/content/drive/MyDrive/mark4.5/data/train/others_54.wav,others
/content/drive/MyDrive/mark4.5/data/train/others_55.wav,others
/content/drive/MyDrive/mark4.5/data/train/others_56.wav,others
/content/drive/MyDrive/mark4.5/data/train/others_57.wav,others
/content/drive/MyDrive/mark4.5/data/train/others_58.wav,others
/content/drive/MyDrive/mark4.5/data/train/others_59.wav,others
/content/drive/MyDrive/mark4.5/data/train/others_6.wav,others
/content/drive/MyDrive/mark4.5/data/train/others_60.wav,others
/content/drive/MyDrive/mark4.5/data/train/others_61.wav,others
/content/drive/MyDrive/mark4.5/data/train/others_62.wav,others
/content/drive/MyDrive/mark4.5/data/train/others_63.wav,others
/content/drive/MyDrive/mark4.5/data/train/others_64.wav,others
/content/drive/MyDrive/mark4.5/data/train/others_65.wav,others
/content/drive/MyDrive/mark4.5/data/train/others_66.wav,others
/content/drive/MyDrive/mark4.5/data/train/others_67.wav,others
/content/drive/MyDrive/mark4.5/data/train/others_68.wav,others
/content/drive/MyDrive/mark4.5/data/train/others_69.wav,others
/content/drive/MyDrive/mark4.5/data/train/others_7.wav,others
/content/drive/MyDrive/mark4.5/data/train/others_70.wav,others
/content/drive/MyDrive/mark4.5/data/train/others_71.wav,others
/content/drive/MyDrive/mark4.5/data/train/others_72.wav,others
/content/drive/MyDrive/mark4.5/data/train/others_73.wav,others
/content/drive/MyDrive/mark4.5/data/train/others_74.wav,others
/content/drive/MyDrive/mark4.5/data/train/others_75.wav,others
/content/drive/MyDrive/mark4.5/data/train/others_76.wav,others
/content/drive/MyDrive/mark4.5/data/train/others_77.wav,others
/content/drive/MyDrive/mark4.5/data/train/others_78.wav,others
/content/drive/MyDrive/mark4.5/data/train/others_79.wav,others
/content/drive/MyDrive/mark4.5/data/train/others_8.wav,others
/content/drive/MyDrive/mark4.5/data/train/others_80.wav,others
/content/drive/MyDrive/mark4.5/data/train/others_81.wav,others
/content/drive/MyDrive/mark4.5/data/train/others_82.wav,others
/content/drive/MyDrive/mark4.5/data/train/others_83.wav,others
/content/drive/MyDrive/mark4.5/data/train/others_84.wav,others
/content/drive/MyDrive/mark4.5/data/train/others_85.wav,others
/content/drive/MyDrive/mark4.5/data/train/others_86.wav,others
/content/drive/MyDrive/mark4.5/data/train/others_87.wav,others
/content/drive/MyDrive/mark4.5/data/train/others_88.wav,others
/content/drive/MyDrive/mark4.5/data/train/others_89.wav,others
/content/drive/MyDrive/mark4.5/data/train/others_9.wav,others
/content/drive/MyDrive/mark4.5/data/train/others_90.wav,others
/content/drive/MyDrive/mark4.5/data/train/others_91.wav,others
/content/drive/MyDrive/mark4.5/data/train/others_92.wav,others
/content/drive/MyDrive/mark4.5/data/train/others_93.wav,others
/content/drive/MyDrive/mark4.5/data/train/others_94.wav,others
/content/drive/MyDrive/mark4.5/data/train/others_95.wav,others
/content/drive/MyDrive/mark4.5/data/train/others_96.wav,others
/content/drive/MyDrive/mark4.5/data/train/others_97.wav,others
/content/drive/MyDrive/mark4.5/data/train/others_98.wav,others
/content/drive/MyDrive/mark4.5/data/train/others_99.wav,others
/content/drive/MyDrive/mark4.5/data/val/media_talking_1.wav,media_talking
/content/drive/MyDrive/mark4.5/data/val/media_talking_10.wav,media_talking
/content/drive/MyDrive/mark4.5/data/val/media_talking_100.wav,media_talking
/content/drive/MyDrive/mark4.5/data/val/media_talking_11.wav,media_talking
/content/drive/MyDrive/mark4.5/data/val/media_talking_12.wav,media_talking
/content/drive/MyDrive/mark4.5/data/val/media_talking_13.wav,media_talking
/content/drive/MyDrive/mark4.5/data/val/media_talking_14.wav,media_talking
/content/drive/MyDrive/mark4.5/data/val/media_talking_15.wav,media_talking
/content/drive/MyDrive/mark4.5/data/val/media_talking_16.wav,media_talking
/content/drive/MyDrive/mark4.5/data/val/media_talking_17.wav,media_talking
/content/drive/MyDrive/mark4.5/data/val/media_talking_18.wav,media_talking
/content/drive/MyDrive/mark4.5/data/val/media_talking_19.wav,media_talking
/content/drive/MyDrive/mark4.5/data/val/media_talking_2.wav,media_talking
/content/drive/MyDrive/mark4.5/data/val/media_talking_20.wav,media_talking
/content/drive/MyDrive/mark4.5/data/val/media_talking_21.wav,media_talking
/content/drive/MyDrive/mark4.5/data/val/media_talking_22.wav,media_talking
/content/drive/MyDrive/mark4.5/data/val/media_talking_23.wav,media_talking
/content/drive/MyDrive/mark4.5/data/val/media_talking_24.wav,media_talking
/content/drive/MyDrive/mark4.5/data/val/media_talking_25.wav,media_talking
/content/drive/MyDrive/mark4.5/data/val/media_talking_26.wav,media_talking
/content/drive/MyDrive/mark4.5/data/val/media_talking_27.wav,media_talking
/content/drive/MyDrive/mark4.5/data/val/media_talking_28.wav,media_talking
/content/drive/MyDrive/mark4.5/data/val/media_talking_29.wav,media_talking
/content/drive/MyDrive/mark4.5/data/val/media_talking_3.wav,media_talking
/content/drive/MyDrive/mark4.5/data/val/media_talking_30.wav,media_talking
/content/drive/MyDrive/mark4.5/data/val/media_talking_31.wav,media_talking
/content/drive/MyDrive/mark4.5/data/val/media_talking_32.wav,media_talking
/content/drive/MyDrive/mark4.5/data/val/media_talking_33.wav,media_talking
/content/drive/MyDrive/mark4.5/data/val/media_talking_34.wav,media_talking
/content/drive/MyDrive/mark4.5/data/val/media_talking_35.wav,media_talking
/content/drive/MyDrive/mark4.5/data/val/media_talking_36.wav,media_talking
/content/drive/MyDrive/mark4.5/data/val/media_talking_37.wav,media_talking
/content/drive/MyDrive/mark4.5/data/val/media_talking_38.wav,media_talking
/content/drive/MyDrive/mark4.5/data/val/media_talking_39.wav,media_talking
/content/drive/MyDrive/mark4.5/data/val/media_talking_4.wav,media_talking
/content/drive/MyDrive/mark4.5/data/val/media_talking_40.wav,media_talking
/content/drive/MyDrive/mark4.5/data/val/media_talking_41.wav,media_talking
/content/drive/MyDrive/mark4.5/data/val/media_talking_42.wav,media_talking
/content/drive/MyDrive/mark4.5/data/val/media_talking_43.wav,media_talking
/content/drive/MyDrive/mark4.5/data/val/media_talking_44.wav,media_talking
/content/drive/MyDrive/mark4.5/data/val/media_talking_45.wav,media_talking
/content/drive/MyDrive/mark4.5/data/val/media_talking_46.wav,media_talking
/content/drive/MyDrive/mark4.5/data/val/media_talking_47.wav,media_talking
/content/drive/MyDrive/mark4.5/data/val/media_talking_48.wav,media_talking
/content/drive/MyDrive/mark4.5/data/val/media_talking_49.wav,media_talking
/content/drive/MyDrive/mark4.5/data/val/media_talking_5.wav,media_talking
/content/drive/MyDrive/mark4.5/data/val/media_talking_50.wav,media_talking
/content/drive/MyDrive/mark4.5/data/val/media_talking_51.wav,media_talking
/content/drive/MyDrive/mark4.5/data/val/media_talking_52.wav,media_talking
/content/drive/MyDrive/mark4.5/data/val/media_talking_53.wav,media_talking
/content/drive/MyDrive/mark4.5/data/val/media_talking_54.wav,media_talking
/content/drive/MyDrive/mark4.5/data/val/media_talking_55.wav,media_talking
/content/drive/MyDrive/mark4.5/data/val/media_talking_56.wav,media_talking
/content/drive/MyDrive/mark4.5/data/val/media_talking_57.wav,media_talking
/content/drive/MyDrive/mark4.5/data/val/media_talking_58.wav,media_talking
/content/drive/MyDrive/mark4.5/data/val/media_talking_59.wav,media_talking
/content/drive/MyDrive/mark4.5/data/val/media_talking_6.wav,media_talking
/content/drive/MyDrive/mark4.5/data/val/media_talking_60.wav,media_talking
/content/drive/MyDrive/mark4.5/data/val/media_talking_61.wav,media_talking
/content/drive/MyDrive/mark4.5/data/val/media_talking_62.wav,media_talking
/content/drive/MyDrive/mark4.5/data/val/media_talking_63.wav,media_talking
/content/drive/MyDrive/mark4.5/data/val/media_talking_64.wav,media_talking
/content/drive/MyDrive/mark4.5/data/val/media_talking_65.wav,media_talking
/content/drive/MyDrive/mark4.5/data/val/media_talking_66.wav,media_talking
/content/drive/MyDrive/mark4.5/data/val/media_talking_67.wav,media_talking
/content/drive/MyDrive/mark4.5/data/val/media_talking_68.wav,media_talking
/content/drive/MyDrive/mark4.5/data/val/media_talking_69.wav,media_talking
/content/drive/MyDrive/mark4.5/data/val/media_talking_7.wav,media_talking
/content/drive/MyDrive/mark4.5/data/val/media_talking_70.wav,media_talking
/content/drive/MyDrive/mark4.5/data/val/media_talking_71.wav,media_talking
/content/drive/MyDrive/mark4.5/data/val/media_talking_72.wav,media_talking
/content/drive/MyDrive/mark4.5/data/val/media_talking_73.wav,media_talking
/content/drive/MyDrive/mark4.5/data/val/media_talking_74.wav,media_talking
/content/drive/MyDrive/mark4.5/data/val/media_talking_75.wav,media_talking
/content/drive/MyDrive/mark4.5/data/val/media_talking_76.wav,media_talking
/content/drive/MyDrive/mark4.5/data/val/media_talking_77.wav,media_talking
/content/drive/MyDrive/mark4.5/data/val/media_talking_78.wav,media_talking
/content/drive/MyDrive/mark4.5/data/val/media_talking_79.wav,media_talking
/content/drive/MyDrive/mark4.5/data/val/media_talking_8.wav,media_talking
/content/drive/MyDrive/mark4.5/data/val/media_talking_80.wav,media_talking
/content/drive/MyDrive/mark4.5/data/val/media_talking_81.wav,media_talking
/content/drive/MyDrive/mark4.5/data/val/media_talking_82.wav,media_talking
/content/drive/MyDrive/mark4.5/data/val/media_talking_83.wav,media_talking
/content/drive/MyDrive/mark4.5/data/val/media_talking_84.wav,media_talking
/content/drive/MyDrive/mark4.5/data/val/media_talking_85.wav,media_talking
/content/drive/MyDrive/mark4.5/data/val/media_talking_86.wav,media_talking
/content/drive/MyDrive/mark4.5/data/val/media_talking_87.wav,media_talking
/content/drive/MyDrive/mark4.5/data/val/media_talking_88.wav,media_talking
/content/drive/MyDrive/mark4.5/data/val/media_talking_89.wav,media_talking
/content/drive/MyDrive/mark4.5/data/val/media_talking_9.wav,media_talking
/content/drive/MyDrive/mark4.5/data/val/media_talking_90.wav,media_talking
/content/drive/MyDrive/mark4.5/data/val/media_talking_91.wav,media_talking
/content/drive/MyDrive/mark4.5/data/val/media_talking_92.wav,media_talking
/content/drive/MyDrive/mark4.5/data/val/media_talking_93.wav,media_talking
/content/drive/MyDrive/mark4.5/data/val/media_talking_94.wav,media_talking
/content/drive/MyDrive/mark4.5/data/val/media_talking_95.wav,media_talking
/content/drive/MyDrive/mark4.5/data/val/media_talking_96.wav,media_talking
/content/drive/MyDrive/mark4.5/data/val/media_talking_97.wav,media_talking
/content/drive/MyDrive/mark4.5/data/val/media_talking_98.wav,media_talking
/content/drive/MyDrive/mark4.5/data/val/media_talking_99.wav,media_talking
/content/drive/MyDrive/mark4.5/data/val/others_1401.wav,others
/content/drive/MyDrive/mark4.5/data/val/others_1402.wav,others
/content/drive/MyDrive/mark4.5/data/val/others_1403.wav,others
/content/drive/MyDrive/mark4.5/data/val/others_1404.wav,others
/content/drive/MyDrive/mark4.5/data/val/others_1405.wav,others
/content/drive/MyDrive/mark4.5/data/val/others_1406.wav,others
/content/drive/MyDrive/mark4.5/data/val/others_1407.wav,others
/content/drive/MyDrive/mark4.5/data/val/others_1408.wav,others
/content/drive/MyDrive/mark4.5/data/val/others_1409.wav,others
/content/drive/MyDrive/mark4.5/data/val/others_1410.wav,others
/content/drive/MyDrive/mark4.5/data/val/others_1411.wav,others
/content/drive/MyDrive/mark4.5/data/val/others_1412.wav,others
/content/drive/MyDrive/mark4.5/data/val/others_1413.wav,others
/content/drive/MyDrive/mark4.5/data/val/others_1414.wav,others
/content/drive/MyDrive/mark4.5/data/val/others_1415.wav,others
/content/drive/MyDrive/mark4.5/data/val/others_1416.wav,others
/content/drive/MyDrive/mark4.5/data/val/others_1417.wav,others
/content/drive/MyDrive/mark4.5/data/val/others_1418.wav,others
/content/drive/MyDrive/mark4.5/data/val/others_1419.wav,others
/content/drive/MyDrive/mark4.5/data/val/others_1420.wav,others
/content/drive/MyDrive/mark4.5/data/val/others_1421.wav,others
/content/drive/MyDrive/mark4.5/data/val/others_1422.wav,others
/content/drive/MyDrive/mark4.5/data/val/others_1423.wav,others
/content/drive/MyDrive/mark4.5/data/val/others_1424.wav,others
/content/drive/MyDrive/mark4.5/data/val/others_1425.wav,others
/content/drive/MyDrive/mark4.5/data/val/others_1426.wav,others
/content/drive/MyDrive/mark4.5/data/val/others_1427.wav,others
/content/drive/MyDrive/mark4.5/data/val/others_1428.wav,others
/content/drive/MyDrive/mark4.5/data/val/others_1429.wav,others
/content/drive/MyDrive/mark4.5/data/val/others_1430.wav,others
/content/drive/MyDrive/mark4.5/data/val/others_1431.wav,others
/content/drive/MyDrive/mark4.5/data/val/others_1432.wav,others
/content/drive/MyDrive/mark4.5/data/val/others_1433.wav,others
/content/drive/MyDrive/mark4.5/data/val/others_1434.wav,others
/content/drive/MyDrive/mark4.5/data/val/others_1435.wav,others
/content/drive/MyDrive/mark4.5/data/val/others_1436.wav,others
/content/drive/MyDrive/mark4.5/data/val/others_1437.wav,others
/content/drive/MyDrive/mark4.5/data/val/others_1438.wav,others
/content/drive/MyDrive/mark4.5/data/val/others_1439.wav,others
/content/drive/MyDrive/mark4.5/data/val/others_1440.wav,others
/content/drive/MyDrive/mark4.5/data/val/others_1441.wav,others
/content/drive/MyDrive/mark4.5/data/val/others_1442.wav,others
/content/drive/MyDrive/mark4.5/data/val/others_1443.wav,others
/content/drive/MyDrive/mark4.5/data/val/others_1444.wav,others
/content/drive/MyDrive/mark4.5/data/val/others_1445.wav,others
/content/drive/MyDrive/mark4.5/data/val/others_1446.wav,others
/content/drive/MyDrive/mark4.5/data/val/others_1447.wav,others
/content/drive/MyDrive/mark4.5/data/val/others_1448.wav,others
/content/drive/MyDrive/mark4.5/data/val/others_1449.wav,others
/content/drive/MyDrive/mark4.5/data/val/others_1450.wav,others
/content/drive/MyDrive/mark4.5/data/val/others_1451.wav,others
/content/drive/MyDrive/mark4.5/data/val/others_1452.wav,others
/content/drive/MyDrive/mark4.5/data/val/others_1453.wav,others
/content/drive/MyDrive/mark4.5/data/val/others_1454.wav,others
/content/drive/MyDrive/mark4.5/data/val/others_1455.wav,others
/content/drive/MyDrive/mark4.5/data/val/others_1456.wav,others
/content/drive/MyDrive/mark4.5/data/val/others_1457.wav,others
/content/drive/MyDrive/mark4.5/data/val/others_1458.wav,others
/content/drive/MyDrive/mark4.5/data/val/others_1459.wav,others
/content/drive/MyDrive/mark4.5/data/val/others_1460.wav,others
/content/drive/MyDrive/mark4.5/data/val/others_1461.wav,others
/content/drive/MyDrive/mark4.5/data/val/others_1462.wav,others
/content/drive/MyDrive/mark4.5/data/val/others_1463.wav,others
/content/drive/MyDrive/mark4.5/data/val/others_1464.wav,others
/content/drive/MyDrive/mark4.5/data/val/others_1465.wav,others
/content/drive/MyDrive/mark4.5/data/val/others_1466.wav,others
/content/drive/MyDrive/mark4.5/data/val/others_1467.wav,others
/content/drive/MyDrive/mark4.5/data/val/others_1468.wav,others
/content/drive/MyDrive/mark4.5/data/val/others_1469.wav,others
/content/drive/MyDrive/mark4.5/data/val/others_1470.wav,others
/content/drive/MyDrive/mark4.5/data/val/others_1471.wav,others
/content/drive/MyDrive/mark4.5/data/val/others_1472.wav,others
/content/drive/MyDrive/mark4.5/data/val/others_1473.wav,others
/content/drive/MyDrive/mark4.5/data/val/others_1474.wav,others
/content/drive/MyDrive/mark4.5/data/val/others_1475.wav,others
/content/drive/MyDrive/mark4.5/data/val/others_1476.wav,others
/content/drive/MyDrive/mark4.5/data/val/others_1477.wav,others
/content/drive/MyDrive/mark4.5/data/val/others_1478.wav,others
/content/drive/MyDrive/mark4.5/data/val/others_1479.wav,others
/content/drive/MyDrive/mark4.5/data/val/others_1480.wav,others
/content/drive/MyDrive/mark4.5/data/val/others_1481.wav,others
/content/drive/MyDrive/mark4.5/data/val/others_1482.wav,others
/content/drive/MyDrive/mark4.5/data/val/others_1483.wav,others
/content/drive/MyDrive/mark4.5/data/val/others_1484.wav,others
/content/drive/MyDrive/mark4.5/data/val/others_1485.wav,others
/content/drive/MyDrive/mark4.5/data/val/others_1486.wav,others
/content/drive/MyDrive/mark4.5/data/val/others_1487.wav,others
/content/drive/MyDrive/mark4.5/data/val/others_1488.wav,others
/content/drive/MyDrive/mark4.5/data/val/others_1489.wav,others
/content/drive/MyDrive/mark4.5/data/val/others_1490.wav,others
/content/drive/MyDrive/mark4.5/data/val/others_1491.wav,others
/content/drive/MyDrive/mark4.5/data/val/others_1492.wav,others
/content/drive/MyDrive/mark4.5/data/val/others_1493.wav,others
/content/drive/MyDrive/mark4.5/data/val/others_1494.wav,others
/content/drive/MyDrive/mark4.5/data/val/others_1495.wav,others
/content/drive/MyDrive/mark4.5/data/val/others_1496.wav,others
/content/drive/MyDrive/mark4.5/data/val/others_1497.wav,others
/content/drive/MyDrive/mark4.5/data/val/others_1498.wav,others
/content/drive/MyDrive/mark4.5/data/val/others_1499.wav,others
/content/drive/MyDrive/mark4.5/data/val/others_1500.wav,others
